Production scenario,Project scenario,Impact,Country,Intensity,Total,GLO intensity
Operating,2025,Climate change,World,14.21438862539833,6.975531405898119,14.21438862539833
Operating,2025,Water scarcity,World,6.251765246301234,3.067974709791965,6.251765246301234
Operating,2025,Climate change,AR,19.850638962400993,2.4237034653922738,4.93890156392676
Operating,2025,Water scarcity,AR,4.745000691610265,0.5793503494435386,1.1805711333028523
Operating,2025,Climate change,CL,5.169072761717064,1.4513774191076791,2.9575442323835324
Operating,2025,Water scarcity,CL,5.19640514780317,1.459051833805322,2.973182770386892
Operating,2025,Climate change,CN,36.51828135279054,3.0858805922719794,6.288252957049182
Operating,2025,Water scarcity,CN,12.053029396954656,1.0185093086617514,2.0754672711619593
Operating,2025,Climate change,US,4.340171419666315,0.014569955455819817,0.029689925692062805
Operating,2025,Water scarcity,US,3.2955832318586995,0.011063272909349652,0.022544183582826238
Operating,2035 Background,Climate change,World,17.10446119714038,14.497146930669587,17.10446119714038
Operating,2035 Background,Water scarcity,World,9.54093091545346,8.086561496589042,9.54093091545346
Operating,2035 Background,Climate change,AR,20.963343502415547,7.810375778725468,9.215073150681281
Operating,2035 Background,Water scarcity,AR,12.257263621444551,4.566725479232461,5.388051809854711
Operating,2035 Background,Climate change,CL,3.590957115557061,1.0786588802852612,1.2726558578059461
Operating,2035 Background,Water scarcity,CL,5.033567049731813,1.5119929375325416,1.7839251167182015
Operating,2035 Background,Climate change,CN,33.507171012539104,5.5879992865539,6.593001879859869
Operating,2035 Background,Water scarcity,CN,11.89562566579902,1.9838364661917192,2.3406297818270856
Operating,2035 Background,Climate change,US,2.565430019549907,0.020112971353271274,0.02373029256835538
Operating,2035 Background,Water scarcity,US,3.0620609594049264,0.024006557921734624,0.0283241413233195
Operating,2035 +Optimized,Climate change,World,12.141908656130225,10.291059845610178,12.141908656130225
Operating,2035 +Optimized,Water scarcity,World,7.107706584121785,6.024245107897827,7.107706584121785
Operating,2035 +Optimized,Climate change,AR,14.826172656512082,5.523831625154675,6.517293653974931
Operating,2035 +Optimized,Water scarcity,AR,8.223326485548217,3.0637894187001558,3.6148124509589743
Operating,2035 +Optimized,Climate change,CL,3.0051025564668117,0.9026787161166139,1.0650256320874574
Operating,2035 +Optimized,Water scarcity,CL,5.4292890411559345,1.6308607007605018,1.9241712667673694
Operating,2035 +Optimized,Climate change,CN,23.084125014552423,3.8497452997081614,4.542122626792641
Operating,2035 +Optimized,Water scarcity,CN,7.809710251459062,1.3024273310633907,1.5366691013622735
Operating,2035 +Optimized,Climate change,US,1.8882894688715093,0.014804189435952634,0.017466725347638584
Operating,2035 +Optimized,Water scarcity,US,3.4652556911561727,0.027167604618664395,0.03205370279003816
Operating,2035 +ElecHeat (electric boiler),Climate change,World,11.51436881106274,9.759178879940594,11.51436881106274
Operating,2035 +ElecHeat (electric boiler),Water scarcity,World,14.227960630754954,12.059125008995979,14.227960630754954
Operating,2035 +ElecHeat (electric boiler),Climate change,AR,10.835708216504102,4.037092317347583,4.763164036453338
Operating,2035 +ElecHeat (electric boiler),Water scarcity,AR,22.694427027935248,8.455330761078919,9.976023392982333
Operating,2035 +ElecHeat (electric boiler),Climate change,CL,2.2224658384110696,0.6675887334735939,0.787654677293098
Operating,2035 +ElecHeat (electric boiler),Water scarcity,CL,5.671255874314594,1.7035431820383666,2.009925704290456
Operating,2035 +ElecHeat (electric boiler),Climate change,CN,30.245383621000286,5.044030187820122,5.951199849002921
Operating,2035 +ElecHeat (electric boiler),Water scarcity,CN,11.228849567723758,1.8726380496216832,2.2094323116971624
Operating,2035 +ElecHeat (electric boiler),Climate change,US,1.3351627668032422,0.01046767609173742,0.012350289363252467
Operating,2035 +ElecHeat (electric boiler),Water scarcity,US,3.5220538552376954,0.027612902225063532,0.03257908724439036
Operating,2035 +ElecHeat (heat pumps),Climate change,World,5.635481539836389,4.776438320181814,5.635481539836389
Operating,2035 +ElecHeat (heat pumps),Water scarcity,World,7.137698246998971,6.049664999142244,7.137698246998971
Operating,2035 +ElecHeat (heat pumps),Climate change,AR,6.902490721646658,2.5716816756360603,3.0341990491423054
Operating,2035 +ElecHeat (heat pumps),Water scarcity,AR,8.018236619541533,2.9873784720524474,3.5246589829543473
Operating,2035 +ElecHeat (heat pumps),Climate change,CL,2.106751544788911,0.6328302425267827,0.7466448660168438
Operating,2035 +ElecHeat (heat pumps),Water scarcity,CL,5.47058357674733,1.6432648359505164,1.938806287717101
Operating,2035 +ElecHeat (heat pumps),Climate change,CN,9.363438415333103,1.5615429653847055,1.8423867252517792
Operating,2035 +ElecHeat (heat pumps),Water scarcity,CN,8.34591940584353,1.391851065792377,1.642175709530773
Operating,2035 +ElecHeat (heat pumps),Climate change,US,1.3244158468371532,0.010383420239203281,0.01225088008174389
Operating,2035 +ElecHeat (heat pumps),Water scarcity,US,3.4656346062366414,0.027170575312895268,0.03205720776411641
Operating+Announced,2035 Background,Climate change,World,19.99854289060603,22.55958129135565,19.99854289060603
Operating+Announced,2035 Background,Water scarcity,World,9.918714806091524,11.188917822553112,9.918714806091524
Operating+Announced,2035 Background,Climate change,AR,23.19328628792133,12.652494308931997,11.21614124138383
Operating+Announced,2035 Background,Water scarcity,AR,11.769723593383151,6.4206666935567505,5.691771340923864
Operating+Announced,2035 Background,Climate change,BO,40.8880872373929,2.4328411906248775,2.1566569994536002
Operating+Announced,2035 Background,Water scarcity,BO,13.058420833896879,0.7769760396168643,0.6887711457306633
Operating+Announced,2035 Background,Climate change,CL,3.8011955032320803,1.2042073318374134,1.067501726380029
Operating+Announced,2035 Background,Water scarcity,CL,5.628529140934004,1.7831011462604698,1.580677597302868
Operating+Announced,2035 Background,Climate change,CN,33.357567700933934,5.878412349921308,5.21107550669018
Operating+Announced,2035 Background,Water scarcity,CN,11.996570645598043,2.114086664592531,1.8740885431465102
Operating+Announced,2035 Background,Climate change,DE,16.75293944366843,0.3715131851027911,0.32933777762758104
Operating+Announced,2035 Background,Water scarcity,DE,3.1602084739227694,0.07008078311771132,0.062124980463349244
Operating+Announced,2035 Background,Climate change,US,2.5654300196613185,0.020112971354144738,0.01782968021829022
Operating+Announced,2035 Background,Water scarcity,US,3.062060959449606,0.024006557922084913,0.021281253940851983
Operating+Announced,2035 +Optimized,Climate change,World,13.754459973489633,15.515873310769681,13.754459973489633
Operating+Announced,2035 +Optimized,Water scarcity,World,7.032054247182698,7.932587904144723,7.032054247182698
Operating+Announced,2035 +Optimized,Climate change,AR,16.560375597776936,9.034082337601665,8.00850338366083
Operating+Announced,2035 +Optimized,Water scarcity,AR,7.702976029122371,4.202158295310952,3.7251153652436444
Operating+Announced,2035 +Optimized,Climate change,BO,22.69304383926179,1.3502361084360763,1.1969528325133734
Operating+Announced,2035 +Optimized,Water scarcity,BO,6.759742618620253,0.4022046858079051,0.35654507750169157
Operating+Announced,2035 +Optimized,Climate change,CL,3.1136322344830414,0.986389350987524,0.8744111642763406
Operating+Announced,2035 +Optimized,Water scarcity,CL,5.9681530149358455,1.890692970672631,1.6760552413910426
Operating+Announced,2035 +Optimized,Climate change,CN,23.04976356286799,4.0619272965437405,3.600803853996173
Operating+Announced,2035 +Optimized,Water scarcity,CN,7.8890429090764025,1.3902406698698075,1.2324159436110471
Operating+Announced,2035 +Optimized,Climate change,DE,3.085952558622347,0.06843408394000915,0.06066522003127858
Operating+Announced,2035 +Optimized,Water scarcity,DE,0.907455083700621,0.020123723936144967,0.017839212131561977
Operating+Announced,2035 +Optimized,Climate change,US,1.8882894689590748,0.014804189436639147,0.013123568810327583
Operating+Announced,2035 +Optimized,Water scarcity,US,3.465255691192824,0.02716760461895174,0.024083448145170966
Operating+Announced,2035 +ElecHeat (electric boiler),Climate change,World,15.050738725120265,16.978155139682574,15.050738725120265
Operating+Announced,2035 +ElecHeat (electric boiler),Water scarcity,World,13.427143259431645,15.146640009163535,13.427143259431645
Operating+Announced,2035 +ElecHeat (electric boiler),Climate change,AR,17.96813911919234,9.802051124858282,8.689289810157279
Operating+Announced,2035 +ElecHeat (electric boiler),Water scarcity,AR,19.609113018525687,10.697241770318207,9.48285544806916
Operating+Announced,2035 +ElecHeat (electric boiler),Climate change,BO,17.912630966664658,1.065801542516547,0.9448082207562286
Operating+Announced,2035 +ElecHeat (electric boiler),Water scarcity,BO,7.296803874962997,0.43415983056029833,0.38487256836479256
Operating+Announced,2035 +ElecHeat (electric boiler),Climate change,CL,2.2807947033541622,0.7225489196384886,0.640522772711578
Operating+Announced,2035 +ElecHeat (electric boiler),Water scarcity,CL,6.219199960759731,1.9702238899688005,1.746557547268644
Operating+Announced,2035 +ElecHeat (electric boiler),Climate change,CN,30.213877387172865,5.3244178821464985,4.719972326100643
Operating+Announced,2035 +ElecHeat (electric boiler),Water scarcity,CN,11.309545447691917,1.9930161643604225,1.7667623671679376
Operating+Announced,2035 +ElecHeat (electric boiler),Climate change,DE,2.384020985333285,0.05286804937075092,0.04686629327153195
Operating+Announced,2035 +ElecHeat (electric boiler),Water scarcity,DE,1.0996400804765263,0.024385618424647443,0.021617282239459464
Operating+Announced,2035 +ElecHeat (electric boiler),Climate change,US,1.3351627668677672,0.010467676092243295,0.009279350826245734
Operating+Announced,2035 +ElecHeat (electric boiler),Water scarcity,US,3.5220538552653147,0.027612902225280067,0.02447819409210277
Operating+Announced,2035 +ElecHeat (heat pumps),Climate change,World,7.495891084601784,8.455824266759743,7.495891084601784
Operating+Announced,2035 +ElecHeat (heat pumps),Water scarcity,World,7.251709238035057,8.180372187694374,7.251709238035057
Operating+Announced,2035 +ElecHeat (heat pumps),Climate change,AR,9.396991148984458,5.126284199558597,4.544331435512564
Operating+Announced,2035 +ElecHeat (heat pumps),Water scarcity,AR,7.955193636175931,4.339749053181238,3.847086364487069
Operating+Announced,2035 +ElecHeat (heat pumps),Climate change,BO,15.802479492467226,0.9402475298017999,0.833507515484465
Operating+Announced,2035 +ElecHeat (heat pumps),Water scarcity,BO,6.7820507221006086,0.4035320179649862,0.35772172651528117
Operating+Announced,2035 +ElecHeat (heat pumps),Climate change,CL,2.160580004149549,0.6844652635745647,0.606762499442796
Operating+Announced,2035 +ElecHeat (heat pumps),Water scarcity,CL,6.010723035230949,1.9041790253920592,1.6880103145038083
Operating+Announced,2035 +ElecHeat (heat pumps),Climate change,CN,9.323606471223902,1.643045557686579,1.4565215831024947
Operating+Announced,2035 +ElecHeat (heat pumps),Water scarcity,CN,8.42546584833187,1.4847714000228978,1.3162152321275973
Operating+Announced,2035 +ElecHeat (heat pumps),Climate change,DE,2.3177463625537635,0.051398343335992254,0.045563433134497136
Operating+Announced,2035 +ElecHeat (heat pumps),Water scarcity,DE,0.9456243601992611,0.02097016581177881,0.01858956312148725
Operating+Announced,2035 +ElecHeat (heat pumps),Climate change,US,1.3244158540036262,0.010383420295388428,0.009204660026561881
Operating+Announced,2035 +ElecHeat (heat pumps),Water scarcity,US,3.465634608921995,0.02717057533394844,0.024086081614760228
