Project name,LCI dataset,Technology,Status,Impact,Scenario,Electricity,Heat,Reagents,Direct emissions,Other,Total_contrib,Total
Salar de Cauchari-Olaroz,df_rotary_dryer_Salar de Cauchari-Olaroz,Evaporitic,Operating,Climate change,lithium_baseline_ei_cutoff_3.10_remind_SSP2-NDC_2025_NationalPlans 2026-05-29,0.5418357549570241,1.8465385810712978,5.862902351967501,0.0,1.960560947664118,10.21183763565994,10.2118362030391
Salar de Cauchari-Olaroz,df_rotary_dryer_Salar de Cauchari-Olaroz,Evaporitic,Operating,Water scarcity,lithium_baseline_ei_cutoff_3.10_remind_SSP2-NDC_2025_NationalPlans 2026-05-29,0.5728335653651156,0.04135387374530338,0.7787201208549975,0.16867705613087747,0.44541802740272446,2.0070026434990185,2.0070024707936396
Chaerhan,df_rotary_dryer_Chaerhan,DLE,Operating,Climate change,lithium_baseline_ei_cutoff_3.10_remind_SSP2-NDC_2025_NationalPlans 2026-05-29,7.554762507810232,25.9858778168448,2.544550661409905,0.0,0.8421519849798992,36.92734297104484,36.92734531830525
Chaerhan,df_rotary_dryer_Chaerhan,DLE,Operating,Water scarcity,lithium_baseline_ei_cutoff_3.10_remind_SSP2-NDC_2025_NationalPlans 2026-05-29,0.7456184707522016,0.39304523000288893,0.7566785315299146,8.37994668765417,0.4977207739975081,10.773009693936684,10.773010070537007
Salar de Centenario,df_rotary_dryer_Salar de Centenario,DLE,Operating,Climate change,lithium_baseline_ei_cutoff_3.10_remind_SSP2-NDC_2025_NationalPlans 2026-05-29,1.972226554565491,21.83634533329596,15.048444321741538,0.0,2.3012947255881717,41.15831093519116,41.15830963846359
Salar de Centenario,df_rotary_dryer_Salar de Centenario,DLE,Operating,Water scarcity,lithium_baseline_ei_cutoff_3.10_remind_SSP2-NDC_2025_NationalPlans 2026-05-29,2.0850554040109723,0.48903254837386956,4.601182191031486,0.5430355062345485,0.558098131608065,8.27640378125894,8.276403569876507
East Taijinar,df_rotary_dryer_East Taijinar,DLE,Operating,Climate change,lithium_baseline_ei_cutoff_3.10_remind_SSP2-NDC_2025_NationalPlans 2026-05-29,3.5686662320687264,14.87704030584947,10.85773771809313,0.0,6.522576579727737,35.82602083573906,35.826021275187486
East Taijinar,df_rotary_dryer_East Taijinar,DLE,Operating,Water scarcity,lithium_baseline_ei_cutoff_3.10_remind_SSP2-NDC_2025_NationalPlans 2026-05-29,0.35221007355681433,0.22502028871175683,4.83560182903489,0.0,9.260662044857394,14.673494236160856,14.67349513742094
Lakkor Tso,df_rotary_dryer_Lakkor Tso,DLE,Operating,Climate change,lithium_baseline_ei_cutoff_3.10_remind_SSP2-NDC_2025_NationalPlans 2026-05-29,7.944215275985574,34.701531442547186,2.549530700067501,0.0,0.8428676765917464,46.03814509519201,46.038145853275054
Lakkor Tso,df_rotary_dryer_Lakkor Tso,DLE,Operating,Water scarcity,lithium_baseline_ei_cutoff_3.10_remind_SSP2-NDC_2025_NationalPlans 2026-05-29,0.7840555727970253,0.5248724520072617,0.7748484752091173,12.908627310918462,0.4978825290044216,15.490286339936286,15.490286670306702
Qinghai Yiliping,df_rotary_dryer_Qinghai Yiliping,DLE,Announced,Climate change,lithium_baseline_ei_cutoff_3.10_remind_SSP2-NDC_2025_NationalPlans 2026-05-29,7.554762507810233,24.79522678022843,2.544550661409905,0.0,0.8421519849798993,35.73669193442847,35.736693821524035
Qinghai Yiliping,df_rotary_dryer_Qinghai Yiliping,DLE,Announced,Water scarcity,lithium_baseline_ei_cutoff_3.10_remind_SSP2-NDC_2025_NationalPlans 2026-05-29,0.7456184707522017,0.3750362285814822,0.7566785315299146,11.869612872031409,0.4977207739975081,14.244666876892516,14.24466760470225
Salar de Atacama,df_rotary_dryer_Salar de Atacama,Evaporitic,Operating,Climate change,lithium_baseline_ei_cutoff_3.10_remind_SSP2-NDC_2025_NationalPlans 2026-05-29,0.46731769137503154,1.359879192470819,2.617928838869158,0.0,0.7239471776182165,5.169072900333225,5.169072759636372
Salar de Atacama,df_rotary_dryer_Salar de Atacama,Evaporitic,Operating,Water scarcity,lithium_baseline_ei_cutoff_3.10_remind_SSP2-NDC_2025_NationalPlans 2026-05-29,0.06646496705566754,0.03045496747848996,0.666668654223587,4.349130063912721,0.08368672713212523,5.196405379802591,5.196405147011601
Salar de Olaroz,df_rotary_dryer_Salar de Olaroz,Evaporitic,Operating,Climate change,lithium_baseline_ei_cutoff_3.10_remind_SSP2-NDC_2025_NationalPlans 2026-05-29,0.7274901583911212,0.6917904399609119,6.799550196452422,0.0,0.21000727359981136,8.428838068404268,8.428837555940005
Salar de Olaroz,df_rotary_dryer_Salar de Olaroz,Evaporitic,Operating,Water scarcity,lithium_baseline_ei_cutoff_3.10_remind_SSP2-NDC_2025_NationalPlans 2026-05-29,0.7691090471360124,0.015492887506175982,0.7422675518510881,0.48164645951117846,0.007726304244845321,2.0162422502493,2.0162421807443707
Fenix,df_rotary_dryer_Fenix,DLE,Operating,Climate change,lithium_baseline_ei_cutoff_3.10_remind_SSP2-NDC_2025_NationalPlans 2026-05-29,1.914318685358837,20.55208909014029,11.255669018071492,0.0,2.19089147090887,35.91296826447949,35.91296778044839
Fenix,df_rotary_dryer_Fenix,DLE,Operating,Water scarcity,lithium_baseline_ei_cutoff_3.10_remind_SSP2-NDC_2025_NationalPlans 2026-05-29,2.023834691134659,0.4602711831467941,3.3309464877019153,0.5230756815788469,0.4926709766655384,6.830799020227754,6.830798953463808
Silver Peak,df_rotary_dryer_Silver Peak,Evaporitic,Operating,Climate change,lithium_baseline_ei_cutoff_3.10_remind_SSP2-NDC_2025_NationalPlans 2026-05-29,0.696018032747016,0.7231525669500403,2.751652899684986,0.0,0.1693480989353911,4.340171598317433,4.340171417646842
Silver Peak,df_rotary_dryer_Silver Peak,Evaporitic,Operating,Water scarcity,lithium_baseline_ei_cutoff_3.10_remind_SSP2-NDC_2025_NationalPlans 2026-05-29,0.13593425106304569,0.022058768554099654,0.5817710738761069,2.5499376123596313,0.005881666659827862,3.2955833725127115,3.2955832311789615
Tres Quebradas,df_rotary_dryer_Tres Quebradas,Evaporitic,Operating,Climate change,lithium_baseline_ei_cutoff_3.10_remind_SSP2-NDC_2025_NationalPlans 2026-05-29,0.6934694732150982,2.717142509827397,2.5100883611192897,0.0,1.2661890211994198,7.186889365361205,7.1868892942187355
Tres Quebradas,df_rotary_dryer_Tres Quebradas,Evaporitic,Operating,Water scarcity,lithium_baseline_ei_cutoff_3.10_remind_SSP2-NDC_2025_NationalPlans 2026-05-29,0.7331420770583529,0.06085135152400066,0.678785453753628,5.264760381558633,0.1528207318315181,6.890359995726133,6.890359961213469
Zhabuye,df_rotary_dryer_Zhabuye,DLE,Operating,Climate change,lithium_baseline_ei_cutoff_3.10_remind_SSP2-NDC_2025_NationalPlans 2026-05-29,1.1811267625824753,0.8927973733234787,15.058055003040527,0.0,0.29934065844045554,17.431319797386937,17.431320125697404
Zhabuye,df_rotary_dryer_Zhabuye,DLE,Operating,Water scarcity,lithium_baseline_ei_cutoff_3.10_remind_SSP2-NDC_2025_NationalPlans 2026-05-29,0.11657149110521918,0.013503863576101012,0.4050133473860429,2.8089578918991327,0.010095833393286761,3.3541424273597826,3.3541422712031026
Sal de los Angeles,df_rotary_dryer_Sal de los Angeles,DLE,Announced,Climate change,lithium_baseline_ei_cutoff_3.10_remind_SSP2-NDC_2025_NationalPlans 2026-05-29,2.1445107299790176,28.646052230312726,13.65777129727069,0.0,2.3022428461739435,46.75057710373638,46.750577148515184
Sal de los Angeles,df_rotary_dryer_Sal de los Angeles,DLE,Announced,Water scarcity,lithium_baseline_ei_cutoff_3.10_remind_SSP2-NDC_2025_NationalPlans 2026-05-29,2.267195762145786,0.6415383027342112,5.066554627294112,0.6093709638305909,0.5583124183893654,9.142972074394065,9.142972150200288
Salar del Hombre Muerto North,df_rotary_dryer_Salar del Hombre Muerto North,Evaporitic,Announced,Climate change,lithium_baseline_ei_cutoff_3.10_remind_SSP2-NDC_2025_NationalPlans 2026-05-29,1.3561905407125134,1.701418087213303,6.749439318180206,0.0,2.3571780195898273,12.16422596569585,12.164226257737564
Salar del Hombre Muerto North,df_rotary_dryer_Salar del Hombre Muerto North,Evaporitic,Announced,Water scarcity,lithium_baseline_ei_cutoff_3.10_remind_SSP2-NDC_2025_NationalPlans 2026-05-29,0.11325428488604057,0.14208393900669103,0.878735829065308,0.21385554133826348,0.4711584886891462,1.8190880829854492,1.8190881409477997
Kachi,df_rotary_dryer_Kachi,DLE,Announced,Climate change,lithium_baseline_ei_cutoff_3.10_remind_SSP2-NDC_2025_NationalPlans 2026-05-29,2.656567219938849,28.01344370140985,17.819174012046282,0.0,2.3903323451354557,50.879517278530436,50.87951390280422
Kachi,df_rotary_dryer_Kachi,DLE,Announced,Water scarcity,lithium_baseline_ei_cutoff_3.10_remind_SSP2-NDC_2025_NationalPlans 2026-05-29,2.8085464244609772,0.6273708147095234,5.343420190182537,1.0944379905612716,0.6106014578281733,10.484376877742482,10.484376348156532
Maricunga,df_rotary_dryer_Maricunga,Evaporitic,Announced,Climate change,lithium_baseline_ei_cutoff_3.10_remind_SSP2-NDC_2025_NationalPlans 2026-05-29,1.007219388017873,4.441886065558882,3.4814997083659645,0.0,1.087552224342262,10.018157386284981,10.018156772346115
Maricunga,df_rotary_dryer_Maricunga,Evaporitic,Announced,Water scarcity,lithium_baseline_ei_cutoff_3.10_remind_SSP2-NDC_2025_NationalPlans 2026-05-29,0.14325330428955027,0.09075473672699709,0.906821111002547,15.157186782758423,0.41013461896323866,16.708150553740754,16.708149801124524
Salar de Pastos Grandes,df_rotary_dryer_Salar de Pastos Grandes,Evaporitic,Announced,Climate change,lithium_baseline_ei_cutoff_3.10_remind_SSP2-NDC_2025_NationalPlans 2026-05-29,2.2119404828971496,1.2653600550318145,10.13912391330401,0.0,0.5617981051678806,14.178222556400854,14.178222514112617
Salar de Pastos Grandes,df_rotary_dryer_Salar de Pastos Grandes,Evaporitic,Announced,Water scarcity,lithium_baseline_ei_cutoff_3.10_remind_SSP2-NDC_2025_NationalPlans 2026-05-29,0.09599236424255111,0.028338178521987435,0.9417452940896941,8.737886310144894,0.11186848993301392,9.91583063693214,9.915830753589224
Pozuelos,df_rotary_dryer_Pozuelos,DLE,Announced,Climate change,lithium_baseline_ei_cutoff_3.10_remind_SSP2-NDC_2025_NationalPlans 2026-05-29,2.7097106161294437,10.455190357118818,24.51858792220308,0.0,2.302583336100575,39.986072231551915,39.98607098565975
Pozuelos,df_rotary_dryer_Pozuelos,DLE,Announced,Water scarcity,lithium_baseline_ei_cutoff_3.10_remind_SSP2-NDC_2025_NationalPlans 2026-05-29,0.1173488227828496,0.4117534677010562,8.587143884254502,24.24385275720503,0.5583893732530588,33.9184883051965,33.91848672834645
Sal de Vida,df_rotary_dryer_Sal de Vida,Evaporitic,Announced,Climate change,lithium_baseline_ei_cutoff_3.10_remind_SSP2-NDC_2025_NationalPlans 2026-05-29,1.1739702291685237,1.2581743932332707,2.7149289821356004,0.0,0.027903892236795257,5.17497749677419,5.174977278442648
Sal de Vida,df_rotary_dryer_Sal de Vida,Evaporitic,Announced,Water scarcity,lithium_baseline_ei_cutoff_3.10_remind_SSP2-NDC_2025_NationalPlans 2026-05-29,0.02060989289744043,0.02570648686824611,0.5584221808669905,0.0756325589729066,0.0010764180419926522,0.6814475376475764,0.6814475040324188
Salar de Arizaro,df_rotary_dryer_Salar de Arizaro,DLE,Announced,Climate change,lithium_baseline_ei_cutoff_3.10_remind_SSP2-NDC_2025_NationalPlans 2026-05-29,5.587758237896963,30.170167381078322,36.292286397055,0.0,2.301585842868749,74.35179785889903,74.35179560065906
Salar de Arizaro,df_rotary_dryer_Salar de Arizaro,DLE,Announced,Water scarcity,lithium_baseline_ei_cutoff_3.10_remind_SSP2-NDC_2025_NationalPlans 2026-05-29,0.09809712031744816,0.6164240949153408,13.309319157504456,1.7957031557701586,0.5581639276533907,16.377707456160795,16.377707109264865
Salar de Tolillar,df_rotary_dryer_Salar de Tolillar,DLE,Announced,Climate change,lithium_baseline_ei_cutoff_3.10_remind_SSP2-NDC_2025_NationalPlans 2026-05-29,4.831198121970302,23.98971762175571,13.53050635863073,0.0,2.3015933193197737,44.653015421676514,44.653013775748406
Salar de Tolillar,df_rotary_dryer_Salar de Tolillar,DLE,Announced,Water scarcity,lithium_baseline_ei_cutoff_3.10_remind_SSP2-NDC_2025_NationalPlans 2026-05-29,0.20966121531655418,0.5372580697122517,4.173668352431622,0.5634167296421628,0.5581656174222344,6.042169984524825,6.042169798309882
Salar del Rincon,df_rotary_dryer_Salar del Rincon,DLE,Operating,Climate change,lithium_baseline_ei_cutoff_3.10_remind_SSP2-NDC_2025_NationalPlans 2026-05-29,1.999324331779965,29.610943550410152,18.120760023560592,0.0,2.3014157683470597,52.03244367409777,52.032441368886644
Salar del Rincon,df_rotary_dryer_Salar del Rincon,DLE,Operating,Water scarcity,lithium_baseline_ei_cutoff_3.10_remind_SSP2-NDC_2025_NationalPlans 2026-05-29,2.1137034143964586,31.30495212364283,6.469089386755529,2.251152027774421,0.5581254887434242,42.69702244131266,42.69702044672705
Salar de Uyuni,df_rotary_dryer_Salar de Uyuni,DLE,Announced,Climate change,lithium_baseline_ei_cutoff_3.10_remind_SSP2-NDC_2025_NationalPlans 2026-05-29,1.834454481917963,15.751678971531158,38.26574025935149,0.0,2.300418323098957,58.15229203589957,58.15229043782849
Salar de Uyuni,df_rotary_dryer_Salar de Uyuni,DLE,Announced,Water scarcity,lithium_baseline_ei_cutoff_3.10_remind_SSP2-NDC_2025_NationalPlans 2026-05-29,0.16401967041138443,0.35276432896805987,10.102907940219882,4.892178171971389,0.5579000539886612,16.069770165559376,16.069769703756123
Upper Rhine Graben,df_rotary_dryer_Upper Rhine Graben,Geothermal,Announced,Climate change,lithium_baseline_ei_cutoff_3.10_remind_SSP2-NDC_2025_NationalPlans 2026-05-29,3.052184409091356,11.4954239260692,4.321599121942404,0.0,2.32454046637201,21.19374792347497,21.19374719959056
Upper Rhine Graben,df_rotary_dryer_Upper Rhine Graben,Geothermal,Announced,Water scarcity,lithium_baseline_ei_cutoff_3.10_remind_SSP2-NDC_2025_NationalPlans 2026-05-29,1.5310965488415647,0.09297588894351193,1.4854369935488985,0.0,1.0905853175839046,4.20009474891788,4.200094632786268
Salar de Cauchari-Olaroz,df_rotary_dryer_Salar de Cauchari-Olaroz,Evaporitic,Operating,Climate change,lithium_baseline_ei_cutoff_3.10_remind_SSP2-NDC_2035_NationalPlans 2026-05-29,0.21835626399219893,1.8337808946319334,4.122978140004839,0.0,1.7487686377576181,7.923883936386589,7.9238827715569995
Salar de Cauchari-Olaroz,df_rotary_dryer_Salar de Cauchari-Olaroz,Evaporitic,Operating,Water scarcity,lithium_baseline_ei_cutoff_3.10_remind_SSP2-NDC_2035_NationalPlans 2026-05-29,0.7941743994006687,0.030515017635140612,0.5494345286126789,0.16867705613087747,0.43831524966502844,1.9811162514443943,1.9811160941514356
Chaerhan,df_rotary_dryer_Chaerhan,DLE,Operating,Climate change,lithium_baseline_ei_cutoff_3.10_remind_SSP2-NDC_2035_NationalPlans 2026-05-29,3.8809797277900273,25.761433206903273,1.4963531955543314,0.0,0.7601441902333964,31.89891032048103,31.89891238219292
Chaerhan,df_rotary_dryer_Chaerhan,DLE,Operating,Water scarcity,lithium_baseline_ei_cutoff_3.10_remind_SSP2-NDC_2035_NationalPlans 2026-05-29,0.5318295051149237,0.3704357632115597,0.5341614077016037,8.37994668765417,0.488192756623358,10.304566120305616,10.304566474777436
Salar de Centenario,df_rotary_dryer_Salar de Centenario,DLE,Operating,Climate change,lithium_baseline_ei_cutoff_3.10_remind_SSP2-NDC_2035_NationalPlans 2026-05-29,0.7947943971236898,21.68547859831431,9.014482093976927,0.0,2.159606246819613,33.65436133623454,33.65436029866785
Salar de Centenario,df_rotary_dryer_Salar de Centenario,DLE,Operating,Water scarcity,lithium_baseline_ei_cutoff_3.10_remind_SSP2-NDC_2035_NationalPlans 2026-05-29,2.8907133298693624,0.36085704883889363,3.3026091504956416,0.5430355062345485,0.5389272720884807,7.636142307526927,7.636142125512582
East Taijinar,df_rotary_dryer_East Taijinar,DLE,Operating,Climate change,lithium_baseline_ei_cutoff_3.10_remind_SSP2-NDC_2035_NationalPlans 2026-05-29,1.8332702434509731,14.748544684802322,7.379930634954645,0.0,5.806433409186429,29.76817897239437,29.768179271464867
East Taijinar,df_rotary_dryer_East Taijinar,DLE,Operating,Water scarcity,lithium_baseline_ei_cutoff_3.10_remind_SSP2-NDC_2035_NationalPlans 2026-05-29,0.251221927116749,0.2120762599928066,3.486340975019781,0.0,9.179896239312283,13.12953540144162,13.12953626477252
Lakkor Tso,df_rotary_dryer_Lakkor Tso,DLE,Operating,Climate change,lithium_baseline_ei_cutoff_3.10_remind_SSP2-NDC_2035_NationalPlans 2026-05-29,4.081046678492666,34.40180819502436,1.5001639454641205,0.0,0.7607555210519221,40.74377434003307,40.74377478536136
Lakkor Tso,df_rotary_dryer_Lakkor Tso,DLE,Operating,Water scarcity,lithium_baseline_ei_cutoff_3.10_remind_SSP2-NDC_2035_NationalPlans 2026-05-29,0.5592456512545545,0.49467977857562,0.5521330916958163,12.908627310918462,0.48834333165127997,15.003029164095732,15.003029471551304
Qinghai Yiliping,df_rotary_dryer_Qinghai Yiliping,DLE,Announced,Climate change,lithium_baseline_ei_cutoff_3.10_remind_SSP2-NDC_2035_NationalPlans 2026-05-29,3.880979727790028,24.581066033290238,1.4963531955543314,0.0,0.7601441902333965,30.718543146867994,30.718544752403556
Qinghai Yiliping,df_rotary_dryer_Qinghai Yiliping,DLE,Announced,Water scarcity,lithium_baseline_ei_cutoff_3.10_remind_SSP2-NDC_2035_NationalPlans 2026-05-29,0.5318295051149238,0.35346270851714745,0.5341614077016037,11.869612872031409,0.488192756623358,13.777259249988441,13.777259956074905
Salar de Atacama,df_rotary_dryer_Salar de Atacama,Evaporitic,Operating,Climate change,lithium_baseline_ei_cutoff_3.10_remind_SSP2-NDC_2035_NationalPlans 2026-05-29,0.06552158176186287,1.3504838229341078,1.5330371545099402,0.0,0.6419146410134042,3.5909572002193153,3.590957115861776
Salar de Atacama,df_rotary_dryer_Salar de Atacama,Evaporitic,Operating,Water scarcity,lithium_baseline_ei_cutoff_3.10_remind_SSP2-NDC_2035_NationalPlans 2026-05-29,0.10525293593161604,0.022472716229862275,0.47273509988356044,4.349130063912721,0.08397645813384205,5.0335672740916015,5.033567049843116
Salar de Olaroz,df_rotary_dryer_Salar de Olaroz,Evaporitic,Operating,Climate change,lithium_baseline_ei_cutoff_3.10_remind_SSP2-NDC_2035_NationalPlans 2026-05-29,0.29317377383110804,0.6870108780252762,4.8934489153803975,0.0,0.19053246562516898,6.064166032861951,6.064165638930712
Salar de Olaroz,df_rotary_dryer_Salar de Olaroz,Evaporitic,Operating,Water scarcity,lithium_baseline_ei_cutoff_3.10_remind_SSP2-NDC_2035_NationalPlans 2026-05-29,1.066290022990437,0.011432199517316135,0.5589116005304232,0.48164645951117846,0.007543348238584204,2.1258236307879392,2.125823557236056
Fenix,df_rotary_dryer_Fenix,DLE,Operating,Climate change,lithium_baseline_ei_cutoff_3.10_remind_SSP2-NDC_2035_NationalPlans 2026-05-29,0.7714579047271761,20.4100952477296,6.708456708631602,0.0,2.059942559811395,29.94995242089977,29.949951990775332
Fenix,df_rotary_dryer_Fenix,DLE,Operating,Water scarcity,lithium_baseline_ei_cutoff_3.10_remind_SSP2-NDC_2035_NationalPlans 2026-05-29,2.8058371532290547,0.33963404147275533,2.388457744606543,0.5230756815788469,0.47475006188365176,6.531754682770853,6.531754618430933
Silver Peak,df_rotary_dryer_Silver Peak,Evaporitic,Operating,Climate change,lithium_baseline_ei_cutoff_3.10_remind_SSP2-NDC_2035_NationalPlans 2026-05-29,0.02055361599608328,0.6982455826458506,1.6928893255886486,0.0,0.15374160280988047,2.5654301270404627,2.5654300198259072
Silver Peak,df_rotary_dryer_Silver Peak,Evaporitic,Operating,Water scarcity,lithium_baseline_ei_cutoff_3.10_remind_SSP2-NDC_2035_NationalPlans 2026-05-29,0.07351526856980416,0.01918091621915014,0.41366606054031446,2.5499376123596313,0.0057612322826197035,3.0620610899715195,3.062060959508408
Tres Quebradas,df_rotary_dryer_Tres Quebradas,Evaporitic,Operating,Climate change,lithium_baseline_ei_cutoff_3.10_remind_SSP2-NDC_2035_NationalPlans 2026-05-29,0.27946366030402947,2.698369843766266,1.468164943960219,0.0,1.124065244563765,5.57006369259428,5.570063663691882
Tres Quebradas,df_rotary_dryer_Tres Quebradas,Evaporitic,Operating,Water scarcity,lithium_baseline_ei_cutoff_3.10_remind_SSP2-NDC_2035_NationalPlans 2026-05-29,1.0164255447427617,0.04490220375274781,0.47700294672125226,5.264760381558633,0.15309536023798473,6.956186437013379,6.95618641049831
Zhabuye,df_rotary_dryer_Zhabuye,DLE,Operating,Climate change,lithium_baseline_ei_cutoff_3.10_remind_SSP2-NDC_2035_NationalPlans 2026-05-29,0.6067601750278601,0.8850861249436948,11.90053864149569,0.0,0.27177752739273137,13.664162468859976,13.664162723991382
Zhabuye,df_rotary_dryer_Zhabuye,DLE,Operating,Water scarcity,lithium_baseline_ei_cutoff_3.10_remind_SSP2-NDC_2035_NationalPlans 2026-05-29,0.08314729430247875,0.012727069630334892,0.3386746290808188,2.8089578918991327,0.009930087992679934,3.2534369729054453,3.2534368168262686
Sal de los Angeles,df_rotary_dryer_Sal de los Angeles,DLE,Announced,Climate change,lithium_baseline_ei_cutoff_3.10_remind_SSP2-NDC_2035_NationalPlans 2026-05-29,0.8642237925523066,28.448137409671418,8.428591328840211,0.0,2.160416114259955,39.901368645323885,39.9013685937793
Sal de los Angeles,df_rotary_dryer_Sal de los Angeles,DLE,Announced,Water scarcity,lithium_baseline_ei_cutoff_3.10_remind_SSP2-NDC_2035_NationalPlans 2026-05-29,3.143232068774161,0.4733910235864171,3.653322230928773,0.6093709638305909,0.539126748065721,8.418443035185662,8.418443069545738
Salar del Hombre Muerto North,df_rotary_dryer_Salar del Hombre Muerto North,Evaporitic,Announced,Climate change,lithium_baseline_ei_cutoff_3.10_remind_SSP2-NDC_2035_NationalPlans 2026-05-29,1.2430795439277829,1.5595138813405514,4.806883246271061,0.0,2.130533633131337,9.740010304670733,9.740010544512195
Salar del Hombre Muerto North,df_rotary_dryer_Salar del Hombre Muerto North,Evaporitic,Announced,Water scarcity,lithium_baseline_ei_cutoff_3.10_remind_SSP2-NDC_2035_NationalPlans 2026-05-29,0.11303577877572722,0.14180981062793574,0.6329627759662112,0.21385554133826348,0.46188315044421924,1.5635470571523569,1.563547107131127
Kachi,df_rotary_dryer_Kachi,DLE,Announced,Climate change,lithium_baseline_ei_cutoff_3.10_remind_SSP2-NDC_2035_NationalPlans 2026-05-29,1.0705792075976943,27.81989955643887,10.642227975186294,0.0,2.23994794998175,41.77265468920461,41.77265194429074
Kachi,df_rotary_dryer_Kachi,DLE,Announced,Water scarcity,lithium_baseline_ei_cutoff_3.10_remind_SSP2-NDC_2035_NationalPlans 2026-05-29,3.8937586843632666,0.4629368361605513,3.8397729776990106,1.0944379905612716,0.5904194730963873,9.881325961880487,9.88132551022889
Maricunga,df_rotary_dryer_Maricunga,Evaporitic,Announced,Climate change,lithium_baseline_ei_cutoff_3.10_remind_SSP2-NDC_2035_NationalPlans 2026-05-29,0.1412200066510741,4.403806217438622,2.0904014943746936,0.0,1.0129700324892743,7.648397750953665,7.648397281390855
Maricunga,df_rotary_dryer_Maricunga,Evaporitic,Announced,Water scarcity,lithium_baseline_ei_cutoff_3.10_remind_SSP2-NDC_2035_NationalPlans 2026-05-29,0.2268538077473497,0.07335290391037373,0.6551598261575421,15.157186782758423,0.4033287465594787,16.515882067133166,16.51588133090333
Salar de Pastos Grandes,df_rotary_dryer_Salar de Pastos Grandes,Evaporitic,Announced,Climate change,lithium_baseline_ei_cutoff_3.10_remind_SSP2-NDC_2035_NationalPlans 2026-05-29,2.2008592598588637,1.2566177157270884,7.484445588457652,0.0,0.5164923744910784,11.458414938534682,11.458414907145933
Salar de Pastos Grandes,df_rotary_dryer_Salar de Pastos Grandes,Evaporitic,Announced,Water scarcity,lithium_baseline_ei_cutoff_3.10_remind_SSP2-NDC_2035_NationalPlans 2026-05-29,0.09227288265195324,0.02091073795582256,0.6912451077422421,8.737886310144894,0.1099683959494851,9.652283434444398,9.652283550103162
Pozuelos,df_rotary_dryer_Pozuelos,DLE,Announced,Climate change,lithium_baseline_ei_cutoff_3.10_remind_SSP2-NDC_2035_NationalPlans 2026-05-29,2.696434510972661,10.40860708119278,14.999638913732111,0.0,2.1607069545913236,30.265387460488878,30.265386544052006
Pozuelos,df_rotary_dryer_Pozuelos,DLE,Announced,Water scarcity,lithium_baseline_ei_cutoff_3.10_remind_SSP2-NDC_2035_NationalPlans 2026-05-29,0.1129091312678158,0.39617548172180717,6.184776756935646,24.24385275720503,0.5391983840599971,31.476912511190296,31.4769110337911
Sal de Vida,df_rotary_dryer_Sal de Vida,Evaporitic,Announced,Climate change,lithium_baseline_ei_cutoff_3.10_remind_SSP2-NDC_2035_NationalPlans 2026-05-29,1.0580886485935899,1.2473881891082679,1.6662837946561633,0.0,0.025301879445078054,3.9970625118030987,3.997062350996231
Sal de Vida,df_rotary_dryer_Sal de Vida,Evaporitic,Announced,Water scarcity,lithium_baseline_ei_cutoff_3.10_remind_SSP2-NDC_2035_NationalPlans 2026-05-29,0.023136244078852387,0.0207773778992057,0.4003493566777905,0.0756325589729066,0.001046045955209212,0.5209415835839644,0.5209415586123491
Salar de Arizaro,df_rotary_dryer_Salar de Arizaro,DLE,Announced,Climate change,lithium_baseline_ei_cutoff_3.10_remind_SSP2-NDC_2035_NationalPlans 2026-05-29,5.0361954806908305,29.91152153229297,22.38842236249799,0.0,2.159854913930525,59.495994289412316,59.4959921753299
Salar de Arizaro,df_rotary_dryer_Salar de Arizaro,DLE,Announced,Water scarcity,lithium_baseline_ei_cutoff_3.10_remind_SSP2-NDC_2035_NationalPlans 2026-05-29,0.11012182015651789,0.4982274097536266,9.580599853052918,1.7957031557701586,0.538988520525553,12.523640759258775,12.52364046664346
Salar de Tolillar,df_rotary_dryer_Salar de Tolillar,DLE,Announced,Climate change,lithium_baseline_ei_cutoff_3.10_remind_SSP2-NDC_2035_NationalPlans 2026-05-29,4.806995127203652,23.823973294328937,8.112578360015666,0.0,2.1598613001796427,38.903408081727896,38.903406634605496
Salar de Tolillar,df_rotary_dryer_Salar de Tolillar,DLE,Announced,Water scarcity,lithium_baseline_ei_cutoff_3.10_remind_SSP2-NDC_2035_NationalPlans 2026-05-29,0.20153732924722223,0.3964426542689462,2.998170152299016,0.5634167296421628,0.5389900935030804,4.6985569589604275,4.698556818723011
Salar del Rincon,df_rotary_dryer_Salar del Rincon,DLE,Operating,Climate change,lithium_baseline_ei_cutoff_3.10_remind_SSP2-NDC_2035_NationalPlans 2026-05-29,0.8057146240391594,11.933016505092796,11.121519144139954,0.0,2.1597096393529926,26.019959912624902,26.019958790477798
Salar del Rincon,df_rotary_dryer_Salar del Rincon,DLE,Operating,Water scarcity,lithium_baseline_ei_cutoff_3.10_remind_SSP2-NDC_2035_NationalPlans 2026-05-29,2.9304308286640013,43.40107328593895,4.6549471067416865,2.251152027774421,0.5389527383877883,53.77655598750685,53.77655349321694
Salar de Uyuni,df_rotary_dryer_Salar de Uyuni,DLE,Announced,Climate change,lithium_baseline_ei_cutoff_3.10_remind_SSP2-NDC_2035_NationalPlans 2026-05-29,0.5926323987674609,15.642851036240613,22.493747093918415,0.0,2.1588576396790224,40.88808816860551,40.888087239571526
Salar de Uyuni,df_rotary_dryer_Salar de Uyuni,DLE,Announced,Water scarcity,lithium_baseline_ei_cutoff_3.10_remind_SSP2-NDC_2035_NationalPlans 2026-05-29,0.14027785627036346,0.2603047488563618,7.226917531551905,4.892178171971389,0.5387428849486847,13.058421193598702,13.058420834650022
Upper Rhine Graben,df_rotary_dryer_Upper Rhine Graben,Geothermal,Announced,Climate change,lithium_baseline_ei_cutoff_3.10_remind_SSP2-NDC_2035_NationalPlans 2026-05-29,0.4910431746069195,11.40640789429981,2.745021296258348,0.0,2.110467672319964,16.75294003748504,16.75293944395377
Upper Rhine Graben,df_rotary_dryer_Upper Rhine Graben,Geothermal,Announced,Water scarcity,lithium_baseline_ei_cutoff_3.10_remind_SSP2-NDC_2035_NationalPlans 2026-05-29,1.0100930892234938,0.08055357248840035,1.0021354938080245,0.0,1.0674264014233248,3.1602085569432434,3.160208474018102
Salar de Cauchari-Olaroz,df_rotary_dryer_Salar de Cauchari-Olaroz,Evaporitic,Operating,Climate change,lithium_optimized_ei_cutoff_3.10_remind_SSP2-NDC_2035_NationalPlans 2026-05-29,0.16548611106292593,0.9554609609920717,3.8027191854951115,0.0,1.6863049502530303,6.60997120780314,6.609970911434297
Salar de Cauchari-Olaroz,df_rotary_dryer_Salar de Cauchari-Olaroz,Evaporitic,Operating,Water scarcity,lithium_optimized_ei_cutoff_3.10_remind_SSP2-NDC_2035_NationalPlans 2026-05-29,0.60188258609905,0.015899341169771257,0.47422933009450907,0.16157032533648147,0.29738099460538087,1.5509625773051927,1.5509625540981058
Chaerhan,df_rotary_dryer_Chaerhan,DLE,Operating,Climate change,lithium_optimized_ei_cutoff_3.10_remind_SSP2-NDC_2035_NationalPlans 2026-05-29,0.8423321918813212,20.975034952218024,1.0298757172695265,0.0,0.5235508881425812,23.370793749511453,23.37079616478046
Chaerhan,df_rotary_dryer_Chaerhan,DLE,Operating,Water scarcity,lithium_optimized_ei_cutoff_3.10_remind_SSP2-NDC_2035_NationalPlans 2026-05-29,0.11542887213319884,0.30160989175213776,0.3462703826598106,5.7911316757696305,0.33577332681579164,6.8902141491305695,6.890214257014326
Salar de Centenario,df_rotary_dryer_Salar de Centenario,DLE,Operating,Climate change,lithium_optimized_ei_cutoff_3.10_remind_SSP2-NDC_2035_NationalPlans 2026-05-29,0.2928812424877109,14.623429255581021,5.887513527344184,0.0,0.5798839631246746,21.38370798853759,21.38370830360721
Salar de Centenario,df_rotary_dryer_Salar de Centenario,DLE,Operating,Water scarcity,lithium_optimized_ei_cutoff_3.10_remind_SSP2-NDC_2035_NationalPlans 2026-05-29,1.0652260695242035,0.2433410681322709,2.1741940430837317,0.1982856195058994,0.3377109825036386,4.018757782749744,4.018757806253955
East Taijinar,df_rotary_dryer_East Taijinar,DLE,Operating,Climate change,lithium_optimized_ei_cutoff_3.10_remind_SSP2-NDC_2035_NationalPlans 2026-05-29,0.6282839580419315,5.962074421250882,3.747683285831646,0.0,3.045424942727629,13.383466607852089,13.383466848585705
East Taijinar,df_rotary_dryer_East Taijinar,DLE,Operating,Water scarcity,lithium_optimized_ei_cutoff_3.10_remind_SSP2-NDC_2035_NationalPlans 2026-05-29,0.08609680284708868,0.08573147195740494,1.7315740956141388,0.0,4.682698131949357,6.586100502367989,6.586100682553075
Lakkor Tso,df_rotary_dryer_Lakkor Tso,DLE,Operating,Climate change,lithium_optimized_ei_cutoff_3.10_remind_SSP2-NDC_2035_NationalPlans 2026-05-29,0.9954861928595968,27.864028067542982,1.032964430354303,0.0,0.5240463878586493,30.416525078615532,30.416527854040485
Lakkor Tso,df_rotary_dryer_Lakkor Tso,DLE,Operating,Water scarcity,lithium_optimized_ei_cutoff_3.10_remind_SSP2-NDC_2035_NationalPlans 2026-05-29,0.1364163088784633,0.4006699635244933,0.3608369054761724,9.149809045333026,0.33589537183842316,10.383627595050578,10.383627911376498
Qinghai Yiliping,df_rotary_dryer_Qinghai Yiliping,DLE,Announced,Climate change,lithium_optimized_ei_cutoff_3.10_remind_SSP2-NDC_2035_NationalPlans 2026-05-29,0.8423321918813214,20.047867396589826,1.0298757172695265,0.0,0.5235508881425812,22.443626193883254,22.443626992750783
Qinghai Yiliping,df_rotary_dryer_Qinghai Yiliping,DLE,Announced,Water scarcity,lithium_optimized_ei_cutoff_3.10_remind_SSP2-NDC_2035_NationalPlans 2026-05-29,0.11542887213319887,0.28827771343986547,0.34627038265981064,8.202736084659536,0.33577332681579164,9.288486379708203,9.28848665144579
Salar de Atacama,df_rotary_dryer_Salar de Atacama,Evaporitic,Operating,Climate change,lithium_optimized_ei_cutoff_3.10_remind_SSP2-NDC_2035_NationalPlans 2026-05-29,0.059426330984261706,0.9693775303867137,1.2726760492966858,0.0,0.7036225437886813,3.0051024544563423,3.0051025567149434
Salar de Atacama,df_rotary_dryer_Salar de Atacama,Evaporitic,Operating,Water scarcity,lithium_optimized_ei_cutoff_3.10_remind_SSP2-NDC_2035_NationalPlans 2026-05-29,0.09546161187729656,0.01613091974153045,0.4083856915739051,4.805492946159231,0.10381781893427817,5.429288988286241,5.429289041243924
Salar de Olaroz,df_rotary_dryer_Salar de Olaroz,Evaporitic,Operating,Climate change,lithium_optimized_ei_cutoff_3.10_remind_SSP2-NDC_2035_NationalPlans 2026-05-29,0.27401975176684407,0.6530982979988441,1.7625185297732744,0.0,0.19015513542248202,2.8797917149614447,2.879791591404352
Salar de Olaroz,df_rotary_dryer_Salar de Olaroz,Evaporitic,Operating,Water scarcity,lithium_optimized_ei_cutoff_3.10_remind_SSP2-NDC_2035_NationalPlans 2026-05-29,0.9966257335815586,0.010867877476122986,0.3933537281996483,0.508310525909367,0.0076354307184798385,1.9167932958851768,1.9167932009606656
Fenix,df_rotary_dryer_Fenix,DLE,Operating,Climate change,lithium_optimized_ei_cutoff_3.10_remind_SSP2-NDC_2035_NationalPlans 2026-05-29,0.3018357651869979,15.871649835912438,5.133467767072212,0.0,0.5395764046163454,21.846529772787992,21.846530707233157
Fenix,df_rotary_dryer_Fenix,DLE,Operating,Water scarcity,lithium_optimized_ei_cutoff_3.10_remind_SSP2-NDC_2035_NationalPlans 2026-05-29,1.0977941880503566,0.26411207361763656,1.8319421875138693,0.20628125436737316,0.31168981306772664,3.7118195166169623,3.7118196412600297
Silver Peak,df_rotary_dryer_Silver Peak,Evaporitic,Operating,Climate change,lithium_optimized_ei_cutoff_3.10_remind_SSP2-NDC_2035_NationalPlans 2026-05-29,0.019051410682685555,0.6031080378929704,1.1123538960689363,0.0,0.15377624932112427,1.8882895939657165,1.8882894690795258
Silver Peak,df_rotary_dryer_Silver Peak,Evaporitic,Operating,Water scarcity,lithium_optimized_ei_cutoff_3.10_remind_SSP2-NDC_2035_NationalPlans 2026-05-29,0.06814224675785314,0.01656747286833672,0.3168955183326076,3.057805120724491,0.005845514026609644,3.465255872709898,3.4652556912350043
Tres Quebradas,df_rotary_dryer_Tres Quebradas,Evaporitic,Operating,Climate change,lithium_optimized_ei_cutoff_3.10_remind_SSP2-NDC_2035_NationalPlans 2026-05-29,0.25602959102297235,1.4136771975962776,1.2037509099206287,0.0,1.1930928749267615,4.06655057346664,4.0665505825747035
Tres Quebradas,df_rotary_dryer_Tres Quebradas,Evaporitic,Operating,Water scarcity,lithium_optimized_ei_cutoff_3.10_remind_SSP2-NDC_2035_NationalPlans 2026-05-29,0.9311944753127495,0.02352428512115406,0.4085998823148621,5.906803563208898,0.17910097546595824,7.449223181423622,7.449223273247987
Zhabuye,df_rotary_dryer_Zhabuye,DLE,Operating,Climate change,lithium_optimized_ei_cutoff_3.10_remind_SSP2-NDC_2035_NationalPlans 2026-05-29,0.5331588368611376,0.7367229733418948,1.4540244242736844,0.0,0.16373715712829529,2.887643391605012,2.88764350933688
Zhabuye,df_rotary_dryer_Zhabuye,DLE,Operating,Water scarcity,lithium_optimized_ei_cutoff_3.10_remind_SSP2-NDC_2035_NationalPlans 2026-05-29,0.07306134539305381,0.010593686100983823,0.0558101665231257,3.215297931281137,0.006187499250951314,3.360950628549252,3.360950721559599
Sal de los Angeles,df_rotary_dryer_Sal de los Angeles,DLE,Announced,Climate change,lithium_optimized_ei_cutoff_3.10_remind_SSP2-NDC_2035_NationalPlans 2026-05-29,0.3475159255629637,22.70177420483357,5.687720510854037,0.0,0.5805403819973729,29.317551023247944,29.317551783509995
Sal de los Angeles,df_rotary_dryer_Sal de los Angeles,DLE,Announced,Water scarcity,lithium_optimized_ei_cutoff_3.10_remind_SSP2-NDC_2035_NationalPlans 2026-05-29,1.2639355813304913,0.37776870848494726,2.50318315862034,0.25349745998046563,0.3378726630325598,4.736257571448803,4.736257609749692
Salar del Hombre Muerto North,df_rotary_dryer_Salar del Hombre Muerto North,Evaporitic,Announced,Climate change,lithium_optimized_ei_cutoff_3.10_remind_SSP2-NDC_2035_NationalPlans 2026-05-29,1.0827824403687598,0.7209987346966366,4.409679919982242,0.0,2.4239041255846487,8.637365220632287,8.637365522772019
Salar del Hombre Muerto North,df_rotary_dryer_Salar del Hombre Muerto North,Evaporitic,Announced,Water scarcity,lithium_optimized_ei_cutoff_3.10_remind_SSP2-NDC_2035_NationalPlans 2026-05-29,0.09845963356861068,0.06556190057277476,0.5842277001075964,0.24624354586307148,0.5999835758700619,1.5944763559821151,1.5944764440740198
Kachi,df_rotary_dryer_Kachi,DLE,Announced,Climate change,lithium_optimized_ei_cutoff_3.10_remind_SSP2-NDC_2035_NationalPlans 2026-05-29,0.5071436612722169,22.029245762786008,6.820830736355031,0.0,0.612805499047778,29.970025659461033,29.97002771372922
Kachi,df_rotary_dryer_Kachi,DLE,Announced,Water scarcity,lithium_optimized_ei_cutoff_3.10_remind_SSP2-NDC_2035_NationalPlans 2026-05-29,1.8445109164127673,0.3665775038381489,2.4601049291818495,0.4551784746071464,0.3586942957148167,5.4850661197547295,5.4850664969600675
Maricunga,df_rotary_dryer_Maricunga,Evaporitic,Announced,Climate change,lithium_optimized_ei_cutoff_3.10_remind_SSP2-NDC_2035_NationalPlans 2026-05-29,0.10182996814752063,2.064693891428981,1.613483246844599,0.0,1.3196348140041858,5.099641920425286,5.0996422108606305
Maricunga,df_rotary_dryer_Maricunga,Evaporitic,Announced,Water scarcity,lithium_optimized_ei_cutoff_3.10_remind_SSP2-NDC_2035_NationalPlans 2026-05-29,0.16357821079935977,0.03439099841010125,0.542052921467357,14.548318305815346,0.5406105265032173,15.828950962995382,15.828952345246401
Salar de Pastos Grandes,df_rotary_dryer_Salar de Pastos Grandes,Evaporitic,Announced,Climate change,lithium_optimized_ei_cutoff_3.10_remind_SSP2-NDC_2035_NationalPlans 2026-05-29,2.103909645135725,1.1289571095269801,7.20243733823507,0.0,0.5721184284480815,11.007422521345857,11.00742290965009
Salar de Pastos Grandes,df_rotary_dryer_Salar de Pastos Grandes,Evaporitic,Announced,Water scarcity,lithium_optimized_ei_cutoff_3.10_remind_SSP2-NDC_2035_NationalPlans 2026-05-29,0.08820818820026263,0.018786402567165923,0.6193969403341948,9.308120828944297,0.13469054516101367,10.169202905206934,10.169203183136865
Pozuelos,df_rotary_dryer_Pozuelos,DLE,Announced,Climate change,lithium_optimized_ei_cutoff_3.10_remind_SSP2-NDC_2035_NationalPlans 2026-05-29,1.1342803432717354,8.56648706412988,10.032233051444498,0.0,0.58077611573964,20.313776574585752,20.313777057454036
Pozuelos,df_rotary_dryer_Pozuelos,DLE,Announced,Water scarcity,lithium_optimized_ei_cutoff_3.10_remind_SSP2-NDC_2035_NationalPlans 2026-05-29,0.04749627986580462,0.32606016470998983,4.242172676995708,10.617105275387066,0.3379307258910783,15.570765122849648,15.570765223502018
Sal de Vida,df_rotary_dryer_Sal de Vida,Evaporitic,Announced,Climate change,lithium_optimized_ei_cutoff_3.10_remind_SSP2-NDC_2035_NationalPlans 2026-05-29,0.9630041083910256,1.0728795167937621,1.3562611239215758,0.0,0.024968972250638984,3.4171137213570026,3.417113780194856
Sal de Vida,df_rotary_dryer_Sal de Vida,Evaporitic,Announced,Water scarcity,lithium_optimized_ei_cutoff_3.10_remind_SSP2-NDC_2035_NationalPlans 2026-05-29,0.021057118541331417,0.017870638310818882,0.3112959236311988,0.08753345928222278,0.0010778352004286126,0.43883497496600044,0.43883498425679746
Salar de Arizaro,df_rotary_dryer_Salar de Arizaro,DLE,Announced,Climate change,lithium_optimized_ei_cutoff_3.10_remind_SSP2-NDC_2035_NationalPlans 2026-05-29,1.9759714826652843,21.774757778924098,15.317199248180458,0.0,0.5800855143619401,39.64801402413178,39.64801734044298
Salar de Arizaro,df_rotary_dryer_Salar de Arizaro,DLE,Announced,Water scarcity,lithium_optimized_ei_cutoff_3.10_remind_SSP2-NDC_2035_NationalPlans 2026-05-29,0.04320673752294975,0.3626957309574995,6.791702822000748,0.7064489964343316,0.3377606259736867,8.241814912889216,8.241815566479625
Salar de Tolillar,df_rotary_dryer_Salar de Tolillar,DLE,Announced,Climate change,lithium_optimized_ei_cutoff_3.10_remind_SSP2-NDC_2035_NationalPlans 2026-05-29,2.410572265515264,20.95049933195982,6.262495755637972,0.0,0.5803929630579182,30.20396031617097,30.203960984664093
Salar de Tolillar,df_rotary_dryer_Salar de Tolillar,DLE,Announced,Water scarcity,lithium_optimized_ei_cutoff_3.10_remind_SSP2-NDC_2035_NationalPlans 2026-05-29,0.10106527747449286,0.3486266317045872,2.334807156014553,0.24585583598708619,0.33783635272355533,3.368191253904275,3.368191339887007
Salar del Rincon,df_rotary_dryer_Salar del Rincon,DLE,Operating,Climate change,lithium_optimized_ei_cutoff_3.10_remind_SSP2-NDC_2035_NationalPlans 2026-05-29,0.3011593893206489,8.196651024301202,7.560894295306364,0.0,0.579967765493835,16.638672474422048,16.63867291699364
Salar del Rincon,df_rotary_dryer_Salar del Rincon,DLE,Operating,Water scarcity,lithium_optimized_ei_cutoff_3.10_remind_SSP2-NDC_2035_NationalPlans 2026-05-29,1.0953341697865981,29.811695278652984,3.2492579532743067,0.8392173122368556,0.3377316236093933,35.33323633756014,35.33323724517586
Salar de Uyuni,df_rotary_dryer_Salar de Uyuni,DLE,Announced,Climate change,lithium_optimized_ei_cutoff_3.10_remind_SSP2-NDC_2035_NationalPlans 2026-05-29,0.2117798694381241,7.608731738698873,14.293253895812821,0.0,0.5792771973370381,22.693042701286856,22.6930438415093
Salar de Uyuni,df_rotary_dryer_Salar de Uyuni,DLE,Announced,Water scarcity,lithium_optimized_ei_cutoff_3.10_remind_SSP2-NDC_2035_NationalPlans 2026-05-29,0.050128926713732445,0.126613045139208,4.618444790101577,1.626993966707383,0.33756153187454097,6.7597422605364414,6.75974261946525
Upper Rhine Graben,df_rotary_dryer_Upper Rhine Graben,Geothermal,Announced,Climate change,lithium_optimized_ei_cutoff_3.10_remind_SSP2-NDC_2035_NationalPlans 2026-05-29,0.06317078101944186,0.8220907107879895,1.5474012413424765,0.0,0.6532896483469188,3.0859523814968264,3.0859525589544416
Upper Rhine Graben,df_rotary_dryer_Upper Rhine Graben,Geothermal,Announced,Water scarcity,lithium_optimized_ei_cutoff_3.10_remind_SSP2-NDC_2035_NationalPlans 2026-05-29,0.12994451944000146,0.005805714145694767,0.39110525959069753,0.0,0.38059952889618726,0.907455022072581,0.9074550838189392
Salar de Cauchari-Olaroz,df_rotary_dryer_Salar de Cauchari-Olaroz,Evaporitic,Operating,Climate change,lithium_optimized+elec-heat_boiler_ei_cutoff_3.10_remind_SSP2-NDC_2035_NationalPlans 2026-05-29,0.16548611106292593,0.4923506101306756,3.8027191854951115,0.0,1.6863049502530303,6.146860856941743,6.146860573897867
Salar de Cauchari-Olaroz,df_rotary_dryer_Salar de Cauchari-Olaroz,Evaporitic,Operating,Water scarcity,lithium_optimized+elec-heat_boiler_ei_cutoff_3.10_remind_SSP2-NDC_2035_NationalPlans 2026-05-29,0.60188258609905,1.6953320363585989,0.47422933009450907,0.16157032533648147,0.29738099460538087,3.23039527249402,3.230395200966317
Chaerhan,df_rotary_dryer_Chaerhan,DLE,Operating,Climate change,lithium_optimized+elec-heat_boiler_ei_cutoff_3.10_remind_SSP2-NDC_2035_NationalPlans 2026-05-29,0.8423321918813212,28.52358649929791,1.0298757172695265,0.0,0.5235508881425812,30.919345296591338,30.919348534569494
Chaerhan,df_rotary_dryer_Chaerhan,DLE,Operating,Water scarcity,lithium_optimized+elec-heat_boiler_ei_cutoff_3.10_remind_SSP2-NDC_2035_NationalPlans 2026-05-29,0.11542887213319884,3.9056620279209326,0.3462703826598106,5.7911316757696305,0.33577332681579164,10.494266285299364,10.49426678598381
Salar de Centenario,df_rotary_dryer_Salar de Centenario,DLE,Operating,Climate change,lithium_optimized+elec-heat_boiler_ei_cutoff_3.10_remind_SSP2-NDC_2035_NationalPlans 2026-05-29,0.2928812424877109,7.347638952872861,5.887513527344184,0.0,0.5798839631246746,14.10791768582943,14.107917866355713
Salar de Centenario,df_rotary_dryer_Salar de Centenario,DLE,Operating,Water scarcity,lithium_optimized+elec-heat_boiler_ei_cutoff_3.10_remind_SSP2-NDC_2035_NationalPlans 2026-05-29,1.0652260695242035,26.628413427188608,2.1741940430837317,0.1982856195058994,0.3377109825036386,30.40383014180608,30.403830653202988
East Taijinar,df_rotary_dryer_East Taijinar,DLE,Operating,Climate change,lithium_optimized+elec-heat_boiler_ei_cutoff_3.10_remind_SSP2-NDC_2035_NationalPlans 2026-05-29,0.6282839580419315,8.10128018283143,3.747683285831646,0.0,3.045424942727629,15.522672369432634,15.522672639987057
East Taijinar,df_rotary_dryer_East Taijinar,DLE,Operating,Water scarcity,lithium_optimized+elec-heat_boiler_ei_cutoff_3.10_remind_SSP2-NDC_2035_NationalPlans 2026-05-29,0.08609680284708868,1.1070941859354877,1.7315740956141388,0.0,4.682698131949357,7.607463216346072,7.607463410770109
Lakkor Tso,df_rotary_dryer_Lakkor Tso,DLE,Operating,Climate change,lithium_optimized+elec-heat_boiler_ei_cutoff_3.10_remind_SSP2-NDC_2035_NationalPlans 2026-05-29,0.9954861928595968,37.894764643874815,1.032964430354303,0.0,0.5240463878586493,40.44726165494736,40.447265372388806
Lakkor Tso,df_rotary_dryer_Lakkor Tso,DLE,Operating,Water scarcity,lithium_optimized+elec-heat_boiler_ei_cutoff_3.10_remind_SSP2-NDC_2035_NationalPlans 2026-05-29,0.1364163088784633,5.189840092363335,0.3608369054761724,9.149809045333026,0.33589537183842316,15.172797723889419,15.172798489977296
Qinghai Yiliping,df_rotary_dryer_Qinghai Yiliping,DLE,Announced,Climate change,lithium_optimized+elec-heat_boiler_ei_cutoff_3.10_remind_SSP2-NDC_2035_NationalPlans 2026-05-29,0.8423321918813214,27.26234959744423,1.0298757172695265,0.0,0.5235508881425812,29.65810839473766,29.658109433906372
Qinghai Yiliping,df_rotary_dryer_Qinghai Yiliping,DLE,Announced,Water scarcity,lithium_optimized+elec-heat_boiler_ei_cutoff_3.10_remind_SSP2-NDC_2035_NationalPlans 2026-05-29,0.11542887213319887,3.732828608425746,0.34627038265981064,8.202736084659536,0.33577332681579164,12.733037274694084,12.733037661161063
Salar de Atacama,df_rotary_dryer_Salar de Atacama,Evaporitic,Operating,Climate change,lithium_optimized+elec-heat_boiler_ei_cutoff_3.10_remind_SSP2-NDC_2035_NationalPlans 2026-05-29,0.059426330984261706,0.18674079348537936,1.2726760492966858,0.0,0.7036225437886813,2.222465717555008,2.2224658386671865
Salar de Atacama,df_rotary_dryer_Salar de Atacama,Evaporitic,Operating,Water scarcity,lithium_optimized+elec-heat_boiler_ei_cutoff_3.10_remind_SSP2-NDC_2035_NationalPlans 2026-05-29,0.09546161187729656,0.2580977587313034,0.4083856915739051,4.805492946159231,0.10381781893427817,5.671255827276014,5.671255874405034
Salar de Olaroz,df_rotary_dryer_Salar de Olaroz,Evaporitic,Operating,Climate change,lithium_optimized+elec-heat_boiler_ei_cutoff_3.10_remind_SSP2-NDC_2035_NationalPlans 2026-05-29,0.27401975176684407,0.34069798742752255,1.7625185297732744,0.0,0.19015513542248202,2.567391404390123,2.5673912943306916
Salar de Olaroz,df_rotary_dryer_Salar de Olaroz,Evaporitic,Operating,Water scarcity,lithium_optimized+elec-heat_boiler_ei_cutoff_3.10_remind_SSP2-NDC_2035_NationalPlans 2026-05-29,0.9966257335815586,1.1437626499310043,0.3933537281996483,0.508310525909367,0.0076354307184798385,3.0496880683400582,3.049687924463173
Fenix,df_rotary_dryer_Fenix,DLE,Operating,Climate change,lithium_optimized+elec-heat_boiler_ei_cutoff_3.10_remind_SSP2-NDC_2035_NationalPlans 2026-05-29,0.3018357651869979,7.973694838362766,5.133467767072212,0.0,0.5395764046163454,13.948574775238322,13.948575361542826
Fenix,df_rotary_dryer_Fenix,DLE,Operating,Water scarcity,lithium_optimized+elec-heat_boiler_ei_cutoff_3.10_remind_SSP2-NDC_2035_NationalPlans 2026-05-29,1.0977941880503566,28.90541500140452,1.8319421875138693,0.20628125436737316,0.31168981306772664,32.35312244440385,32.353123831545915
Silver Peak,df_rotary_dryer_Silver Peak,Evaporitic,Operating,Climate change,lithium_optimized+elec-heat_boiler_ei_cutoff_3.10_remind_SSP2-NDC_2035_NationalPlans 2026-05-29,0.019051410682685555,0.049981324371309074,1.1123538960689363,0.0,0.15377624932112427,1.3351628804440552,1.3351627669717312
Silver Peak,df_rotary_dryer_Silver Peak,Evaporitic,Operating,Water scarcity,lithium_optimized+elec-heat_boiler_ei_cutoff_3.10_remind_SSP2-NDC_2035_NationalPlans 2026-05-29,0.06814224675785314,0.073365638113844,0.3168955183326076,3.057805120724491,0.005845514026609644,3.5220540379554053,3.5220538553007454
Tres Quebradas,df_rotary_dryer_Tres Quebradas,Evaporitic,Operating,Climate change,lithium_optimized+elec-heat_boiler_ei_cutoff_3.10_remind_SSP2-NDC_2035_NationalPlans 2026-05-29,0.25602959102297235,0.7221729478435592,1.2037509099206287,0.0,1.1930928749267615,3.3750463237139217,3.3750463352196354
Tres Quebradas,df_rotary_dryer_Tres Quebradas,Evaporitic,Operating,Water scarcity,lithium_optimized+elec-heat_boiler_ei_cutoff_3.10_remind_SSP2-NDC_2035_NationalPlans 2026-05-29,0.9311944753127495,2.5312092110499873,0.4085998823148621,5.906803563208898,0.17910097546595824,9.956908107352456,9.95690819041932
Zhabuye,df_rotary_dryer_Zhabuye,DLE,Operating,Climate change,lithium_optimized+elec-heat_boiler_ei_cutoff_3.10_remind_SSP2-NDC_2035_NationalPlans 2026-05-29,0.5331588368611376,0.9931733134187498,1.4540244242736844,0.0,0.16373715712829529,3.144093731681867,3.144093855343041
Zhabuye,df_rotary_dryer_Zhabuye,DLE,Operating,Water scarcity,lithium_optimized+elec-heat_boiler_ei_cutoff_3.10_remind_SSP2-NDC_2035_NationalPlans 2026-05-29,0.07306134539305381,0.13303577187209426,0.0558101665231257,3.215297931281137,0.006187499250951314,3.4833927143203622,3.4833928101579126
Sal de los Angeles,df_rotary_dryer_Sal de los Angeles,DLE,Announced,Climate change,lithium_optimized+elec-heat_boiler_ei_cutoff_3.10_remind_SSP2-NDC_2035_NationalPlans 2026-05-29,0.3475159255629637,11.399403104329481,5.687720510854037,0.0,0.5805403819973729,18.015179922743854,18.015180328341152
Sal de los Angeles,df_rotary_dryer_Sal de los Angeles,DLE,Announced,Water scarcity,lithium_optimized+elec-heat_boiler_ei_cutoff_3.10_remind_SSP2-NDC_2035_NationalPlans 2026-05-29,1.2639355813304913,41.36491469655826,2.50318315862034,0.25349745998046563,0.3378726630325598,45.72340355952212,45.7234048839814
Salar del Hombre Muerto North,df_rotary_dryer_Salar del Hombre Muerto North,Evaporitic,Announced,Climate change,lithium_optimized+elec-heat_boiler_ei_cutoff_3.10_remind_SSP2-NDC_2035_NationalPlans 2026-05-29,1.0827824403687598,4.386679881649156,4.409679919982242,0.0,2.4239041255846487,12.303046367584807,12.303046686985013
Salar del Hombre Muerto North,df_rotary_dryer_Salar del Hombre Muerto North,Evaporitic,Announced,Water scarcity,lithium_optimized+elec-heat_boiler_ei_cutoff_3.10_remind_SSP2-NDC_2035_NationalPlans 2026-05-29,0.09845963356861068,0.3988898209653791,0.5842277001075964,0.24624354586307148,0.5999835758700619,1.9278042763747196,1.9278043660786994
Kachi,df_rotary_dryer_Kachi,DLE,Announced,Climate change,lithium_optimized+elec-heat_boiler_ei_cutoff_3.10_remind_SSP2-NDC_2035_NationalPlans 2026-05-29,0.5071436612722169,11.062090616506662,6.820830736355031,0.0,0.612805499047778,19.002870513181687,19.0028718761399
Kachi,df_rotary_dryer_Kachi,DLE,Announced,Water scarcity,lithium_optimized+elec-heat_boiler_ei_cutoff_3.10_remind_SSP2-NDC_2035_NationalPlans 2026-05-29,1.8445109164127673,40.13808961020959,2.4601049291818495,0.4551784746071464,0.3586942957148167,45.25657822612617,45.256581110329066
Maricunga,df_rotary_dryer_Maricunga,Evaporitic,Announced,Climate change,lithium_optimized+elec-heat_boiler_ei_cutoff_3.10_remind_SSP2-NDC_2035_NationalPlans 2026-05-29,0.10182996814752063,0.31321985977332084,1.613483246844599,0.0,1.3196348140041858,3.348167888769626,3.3481681654551374
Maricunga,df_rotary_dryer_Maricunga,Evaporitic,Announced,Water scarcity,lithium_optimized+elec-heat_boiler_ei_cutoff_3.10_remind_SSP2-NDC_2035_NationalPlans 2026-05-29,0.16357821079935977,0.45159704895447844,0.542052921467357,14.548318305815346,0.5406105265032173,16.24615701353976,16.24615839906594
Salar de Pastos Grandes,df_rotary_dryer_Salar de Pastos Grandes,Evaporitic,Announced,Climate change,lithium_optimized+elec-heat_boiler_ei_cutoff_3.10_remind_SSP2-NDC_2035_NationalPlans 2026-05-29,2.103909645135725,2.8076505218623655,7.20243733823507,0.0,0.5721184284480815,12.686115933681243,12.686116259263468
Salar de Pastos Grandes,df_rotary_dryer_Salar de Pastos Grandes,Evaporitic,Announced,Water scarcity,lithium_optimized+elec-heat_boiler_ei_cutoff_3.10_remind_SSP2-NDC_2035_NationalPlans 2026-05-29,0.08820818820026263,0.11704700540016498,0.6193969403341948,9.308120828944297,0.13469054516101367,10.267463508039933,10.267463782195081
Pozuelos,df_rotary_dryer_Pozuelos,DLE,Announced,Climate change,lithium_optimized+elec-heat_boiler_ei_cutoff_3.10_remind_SSP2-NDC_2035_NationalPlans 2026-05-29,1.1342803432717354,39.29708111795382,10.032233051444498,0.0,0.58077611573964,51.044370628409695,51.04437196935839
Pozuelos,df_rotary_dryer_Pozuelos,DLE,Announced,Water scarcity,lithium_optimized+elec-heat_boiler_ei_cutoff_3.10_remind_SSP2-NDC_2035_NationalPlans 2026-05-29,0.04749627986580462,1.6454740458381458,4.242172676995708,10.617105275387066,0.3379307258910783,16.890179003977803,16.89017914101189
Sal de Vida,df_rotary_dryer_Sal de Vida,Evaporitic,Announced,Climate change,lithium_optimized+elec-heat_boiler_ei_cutoff_3.10_remind_SSP2-NDC_2035_NationalPlans 2026-05-29,0.9630041083910256,2.507036187444366,1.3562611239215758,0.0,0.024968972250638984,4.851270392007606,4.851270410536625
Sal de Vida,df_rotary_dryer_Sal de Vida,Evaporitic,Announced,Water scarcity,lithium_optimized+elec-heat_boiler_ei_cutoff_3.10_remind_SSP2-NDC_2035_NationalPlans 2026-05-29,0.021057118541331417,0.054650097683589714,0.3112959236311988,0.08753345928222278,0.0010778352004286126,0.47561443433877126,0.4756144426012147
Salar de Arizaro,df_rotary_dryer_Salar de Arizaro,DLE,Announced,Climate change,lithium_optimized+elec-heat_boiler_ei_cutoff_3.10_remind_SSP2-NDC_2035_NationalPlans 2026-05-29,1.9759714826652843,51.744403787713146,15.317199248180458,0.0,0.5800855143619401,69.61766003292084,69.61766576958937
Salar de Arizaro,df_rotary_dryer_Salar de Arizaro,DLE,Announced,Water scarcity,lithium_optimized+elec-heat_boiler_ei_cutoff_3.10_remind_SSP2-NDC_2035_NationalPlans 2026-05-29,0.04320673752294975,1.131277992821915,6.791702822000748,0.7064489964343316,0.3377606259736867,9.010397174753631,9.010397891939244
Salar de Tolillar,df_rotary_dryer_Salar de Tolillar,DLE,Announced,Climate change,lithium_optimized+elec-heat_boiler_ei_cutoff_3.10_remind_SSP2-NDC_2035_NationalPlans 2026-05-29,2.410572265515264,52.806856327010834,6.262495755637972,0.0,0.5803929630579182,62.060317311221986,62.060318660054534
Salar de Tolillar,df_rotary_dryer_Salar de Tolillar,DLE,Announced,Water scarcity,lithium_optimized+elec-heat_boiler_ei_cutoff_3.10_remind_SSP2-NDC_2035_NationalPlans 2026-05-29,0.10106527747449286,2.2133059229887495,2.334807156014553,0.24585583598708619,0.33783635272355533,5.232870545188438,5.2328706708734645
Salar del Rincon,df_rotary_dryer_Salar del Rincon,DLE,Operating,Climate change,lithium_optimized+elec-heat_boiler_ei_cutoff_3.10_remind_SSP2-NDC_2035_NationalPlans 2026-05-29,0.3011593893206489,8.196651024301202,7.560894295306364,0.0,0.579967765493835,16.638672474422048,16.63867291699364
Salar del Rincon,df_rotary_dryer_Salar del Rincon,DLE,Operating,Water scarcity,lithium_optimized+elec-heat_boiler_ei_cutoff_3.10_remind_SSP2-NDC_2035_NationalPlans 2026-05-29,1.0953341697865981,29.811695278652984,3.2492579532743067,0.8392173122368556,0.3377316236093933,35.33323633756014,35.33323724517586
Salar de Uyuni,df_rotary_dryer_Salar de Uyuni,DLE,Announced,Climate change,lithium_optimized+elec-heat_boiler_ei_cutoff_3.10_remind_SSP2-NDC_2035_NationalPlans 2026-05-29,0.2117798694381241,2.828319099406864,14.293253895812821,0.0,0.5792771973370381,17.912630061994847,17.912630969082507
Salar de Uyuni,df_rotary_dryer_Salar de Uyuni,DLE,Announced,Water scarcity,lithium_optimized+elec-heat_boiler_ei_cutoff_3.10_remind_SSP2-NDC_2035_NationalPlans 2026-05-29,0.050128926713732445,0.6636742753654381,4.618444790101577,1.626993966707383,0.33756153187454097,7.296803490762672,7.29680387588369
Upper Rhine Graben,df_rotary_dryer_Upper Rhine Graben,Geothermal,Announced,Climate change,lithium_optimized+elec-heat_boiler_ei_cutoff_3.10_remind_SSP2-NDC_2035_NationalPlans 2026-05-29,0.06317078101944186,0.12015912353615668,1.5474012413424765,0.0,0.6532896483469188,2.384020794244994,2.3840209857035166
Upper Rhine Graben,df_rotary_dryer_Upper Rhine Graben,Geothermal,Announced,Water scarcity,lithium_optimized+elec-heat_boiler_ei_cutoff_3.10_remind_SSP2-NDC_2035_NationalPlans 2026-05-29,0.12994451944000146,0.1979907147590827,0.39110525959069753,0.0,0.38059952889618726,1.0996400226859688,1.0996400806073767
Salar de Cauchari-Olaroz,df_rotary_dryer_Salar de Cauchari-Olaroz,Evaporitic,Operating,Climate change,lithium_optimized+elec-heat_heatpump_ei_cutoff_3.10_remind_SSP2-NDC_2035_NationalPlans 2026-05-29,0.16548611106065925,0.13809084019125115,3.8027191849500652,0.0,1.686304950157174,5.7926010863591495,5.79260081375902
Salar de Cauchari-Olaroz,df_rotary_dryer_Salar de Cauchari-Olaroz,Evaporitic,Operating,Water scarcity,lithium_optimized+elec-heat_heatpump_ei_cutoff_3.10_remind_SSP2-NDC_2035_NationalPlans 2026-05-29,0.6018825860983267,0.37346670748433175,0.47422932988541533,0.16157032533648147,0.2973809945655803,1.9085299433701357,1.9085299099656956
Chaerhan,df_rotary_dryer_Chaerhan,DLE,Operating,Climate change,lithium_optimized+elec-heat_heatpump_ei_cutoff_3.10_remind_SSP2-NDC_2035_NationalPlans 2026-05-29,0.8423321917327863,6.512310477789289,1.0298757170714292,0.0,0.5235508881277374,8.90806927472124,8.908070111348573
Chaerhan,df_rotary_dryer_Chaerhan,DLE,Operating,Water scarcity,lithium_optimized+elec-heat_heatpump_ei_cutoff_3.10_remind_SSP2-NDC_2035_NationalPlans 2026-05-29,0.11542887205608458,0.8668181402550151,0.3462703825831247,5.7911316757696305,0.3357733268081894,7.455422397472044,7.455422566123269
Salar de Centenario,df_rotary_dryer_Salar de Centenario,DLE,Operating,Climate change,lithium_optimized+elec-heat_heatpump_ei_cutoff_3.10_remind_SSP2-NDC_2035_NationalPlans 2026-05-29,0.2928812424836993,1.7819680626210508,5.887513525783839,0.0,0.5798839631107326,8.542246793999322,8.542246872466663
Salar de Centenario,df_rotary_dryer_Salar de Centenario,DLE,Operating,Water scarcity,lithium_optimized+elec-heat_heatpump_ei_cutoff_3.10_remind_SSP2-NDC_2035_NationalPlans 2026-05-29,1.0652260695229234,5.860976630710229,2.1741940424777613,0.1982856195058994,0.3377109824964299,9.636393344713243,9.636393472390559
East Taijinar,df_rotary_dryer_East Taijinar,DLE,Operating,Climate change,lithium_optimized+elec-heat_heatpump_ei_cutoff_3.10_remind_SSP2-NDC_2035_NationalPlans 2026-05-29,0.6282839579311413,1.8634412820452666,3.7476832843481156,0.0,3.0454249425809823,9.284833466905505,9.284833651386624
East Taijinar,df_rotary_dryer_East Taijinar,DLE,Operating,Water scarcity,lithium_optimized+elec-heat_heatpump_ei_cutoff_3.10_remind_SSP2-NDC_2035_NationalPlans 2026-05-29,0.0860968027895702,0.24590746521172263,1.731574095035633,0.0,4.682698131879024,6.74627649491595,6.746276677588215
Lakkor Tso,df_rotary_dryer_Lakkor Tso,DLE,Operating,Climate change,lithium_optimized+elec-heat_heatpump_ei_cutoff_3.10_remind_SSP2-NDC_2035_NationalPlans 2026-05-29,0.995486192684055,8.645535821149577,1.0329644301548777,0.0,0.5240463878437491,11.19803283183226,11.198033801923097
Lakkor Tso,df_rotary_dryer_Lakkor Tso,DLE,Operating,Water scarcity,lithium_optimized+elec-heat_heatpump_ei_cutoff_3.10_remind_SSP2-NDC_2035_NationalPlans 2026-05-29,0.13641630878732802,1.1517352528246476,0.3608369053989238,9.149809045333026,0.3358953718307919,11.134692884174717,11.134693270941009
Qinghai Yiliping,df_rotary_dryer_Qinghai Yiliping,DLE,Announced,Climate change,lithium_optimized+elec-heat_heatpump_ei_cutoff_3.10_remind_SSP2-NDC_2035_NationalPlans 2026-05-29,0.8423321917327864,6.2252064998788414,1.0298757170714292,0.0,0.5235508881277374,8.620965296810793,8.620965635674478
Qinghai Yiliping,df_rotary_dryer_Qinghai Yiliping,DLE,Announced,Water scarcity,lithium_optimized+elec-heat_heatpump_ei_cutoff_3.10_remind_SSP2-NDC_2035_NationalPlans 2026-05-29,0.1154288720560846,0.8284720571053342,0.34627038258312476,8.202736084659536,0.3357733268081894,9.828680723212269,9.828681012968449
Salar de Atacama,df_rotary_dryer_Salar de Atacama,Evaporitic,Operating,Climate change,lithium_optimized+elec-heat_heatpump_ei_cutoff_3.10_remind_SSP2-NDC_2035_NationalPlans 2026-05-29,0.05942633097830712,0.07102649683771574,1.2726760490341775,0.0,0.7036225437514554,2.1067514206016558,2.106751544552161
Salar de Atacama,df_rotary_dryer_Salar de Atacama,Evaporitic,Operating,Water scarcity,lithium_optimized+elec-heat_heatpump_ei_cutoff_3.10_remind_SSP2-NDC_2035_NationalPlans 2026-05-29,0.09546161187548922,0.05742545622156331,0.4083856914721801,4.805492946159231,0.10381781891867281,5.470583524647136,5.47058357662936
Salar de Olaroz,df_rotary_dryer_Salar de Olaroz,Evaporitic,Operating,Climate change,lithium_optimized+elec-heat_heatpump_ei_cutoff_3.10_remind_SSP2-NDC_2035_NationalPlans 2026-05-29,0.2740197517630908,0.10172500410685213,1.7625185294907133,0.0,0.19015513541800624,2.3284184207786627,2.3284183211114957
Salar de Olaroz,df_rotary_dryer_Salar de Olaroz,Evaporitic,Operating,Water scarcity,lithium_optimized+elec-heat_heatpump_ei_cutoff_3.10_remind_SSP2-NDC_2035_NationalPlans 2026-05-29,0.9966257335803609,0.2520720658062986,0.39335372809076263,0.508310525909367,0.007635430716696403,2.1579974841034857,2.1579973787806965
Fenix,df_rotary_dryer_Fenix,DLE,Operating,Climate change,lithium_optimized+elec-heat_heatpump_ei_cutoff_3.10_remind_SSP2-NDC_2035_NationalPlans 2026-05-29,0.30183576518286365,1.9320943532554282,5.133467765787685,0.0,0.5395764046035278,7.906974288829505,7.906974608783569
Fenix,df_rotary_dryer_Fenix,DLE,Operating,Water scarcity,lithium_optimized+elec-heat_heatpump_ei_cutoff_3.10_remind_SSP2-NDC_2035_NationalPlans 2026-05-29,1.0977941880490374,6.362120814930727,1.8319421870153734,0.20628125436737316,0.3116898130610916,9.809828257423604,9.809828650779004
Silver Peak,df_rotary_dryer_Silver Peak,Evaporitic,Operating,Climate change,lithium_optimized+elec-heat_heatpump_ei_cutoff_3.10_remind_SSP2-NDC_2035_NationalPlans 2026-05-29,0.01905141067981333,0.03923440417974394,1.1123538958575525,0.0,0.15377624931762038,1.3244159600347303,1.324415846811955
Silver Peak,df_rotary_dryer_Silver Peak,Evaporitic,Operating,Water scarcity,lithium_optimized+elec-heat_heatpump_ei_cutoff_3.10_remind_SSP2-NDC_2035_NationalPlans 2026-05-29,0.06814224675595644,0.01694638794365405,0.31689551825092044,3.057805120724491,0.005845514025240252,3.4656347877002625,3.4656346062259673
Tres Quebradas,df_rotary_dryer_Tres Quebradas,Evaporitic,Operating,Climate change,lithium_optimized+elec-heat_heatpump_ei_cutoff_3.10_remind_SSP2-NDC_2035_NationalPlans 2026-05-29,0.2560295910194655,0.19320153536306864,1.203750909657893,0.0,1.1930928748632879,2.846074910903715,2.8460749243062615
Tres Quebradas,df_rotary_dryer_Tres Quebradas,Evaporitic,Operating,Water scarcity,lithium_optimized+elec-heat_heatpump_ei_cutoff_3.10_remind_SSP2-NDC_2035_NationalPlans 2026-05-29,0.9311944753116305,0.557434513902515,0.40859988221286075,5.906803563208898,0.17910097543934986,7.983133410075254,7.983133500054288
Zhabuye,df_rotary_dryer_Zhabuye,DLE,Operating,Climate change,lithium_optimized+elec-heat_heatpump_ei_cutoff_3.10_remind_SSP2-NDC_2035_NationalPlans 2026-05-29,0.5331588367671216,0.24537432363199424,1.454024424113489,0.0,0.16373715712440523,2.39629474163701,2.396294848255485
Zhabuye,df_rotary_dryer_Zhabuye,DLE,Operating,Water scarcity,lithium_optimized+elec-heat_heatpump_ei_cutoff_3.10_remind_SSP2-NDC_2035_NationalPlans 2026-05-29,0.0730613453442439,0.02979576038393383,0.05581016646226064,3.215297931281137,0.006187499249477391,3.380152702721053,3.3801527962265774
Sal de los Angeles,df_rotary_dryer_Sal de los Angeles,DLE,Announced,Climate change,lithium_optimized+elec-heat_heatpump_ei_cutoff_3.10_remind_SSP2-NDC_2035_NationalPlans 2026-05-29,0.34751592555820376,2.7535687402626907,5.687720508930174,0.0,0.580540381983356,9.369345556734425,9.3693456892717
Sal de los Angeles,df_rotary_dryer_Sal de los Angeles,DLE,Announced,Water scarcity,lithium_optimized+elec-heat_heatpump_ei_cutoff_3.10_remind_SSP2-NDC_2035_NationalPlans 2026-05-29,1.2639355813289723,9.104326126173651,2.5031831578710446,0.25349745998046563,0.3378726630253126,13.462814988379446,13.462815299813293
Salar del Hombre Muerto North,df_rotary_dryer_Salar del Hombre Muerto North,Evaporitic,Announced,Climate change,lithium_optimized+elec-heat_heatpump_ei_cutoff_3.10_remind_SSP2-NDC_2035_NationalPlans 2026-05-29,1.0827824403521054,0.9899990900062152,4.409679919327408,0.0,2.423904125467038,8.906365575152766,8.906365878955722
Salar del Hombre Muerto North,df_rotary_dryer_Salar del Hombre Muerto North,Evaporitic,Announced,Water scarcity,lithium_optimized+elec-heat_heatpump_ei_cutoff_3.10_remind_SSP2-NDC_2035_NationalPlans 2026-05-29,0.09845963356386385,0.0890913850490251,0.5842276998560988,0.24624354586307148,0.5999835758173238,1.6180058401493829,1.6180059285148958
Kachi,df_rotary_dryer_Kachi,DLE,Announced,Climate change,lithium_optimized+elec-heat_heatpump_ei_cutoff_3.10_remind_SSP2-NDC_2035_NationalPlans 2026-05-29,0.5071436612652704,2.672682235151623,6.820830734622845,0.0,0.6128054990328594,10.613462130072598,10.613462965174714
Kachi,df_rotary_dryer_Kachi,DLE,Announced,Water scarcity,lithium_optimized+elec-heat_heatpump_ei_cutoff_3.10_remind_SSP2-NDC_2035_NationalPlans 2026-05-29,1.8445109164105506,8.834314781411557,2.460104928509485,0.4551784746071464,0.3586942957071094,13.95280339664585,13.952804307999186
Maricunga,df_rotary_dryer_Maricunga,Evaporitic,Announced,Climate change,lithium_optimized+elec-heat_heatpump_ei_cutoff_3.10_remind_SSP2-NDC_2035_NationalPlans 2026-05-29,0.10182996813731716,0.11065115114654524,1.6134832465251416,0.0,1.3196348139609597,3.145599179769964,3.1455994549180755
Maricunga,df_rotary_dryer_Maricunga,Evaporitic,Announced,Water scarcity,lithium_optimized+elec-heat_heatpump_ei_cutoff_3.10_remind_SSP2-NDC_2035_NationalPlans 2026-05-29,0.1635782107962628,0.1003013979048346,0.5420529213435643,14.548318305815346,0.5406105264798907,15.894861362339897,15.89486274512665
Salar de Pastos Grandes,df_rotary_dryer_Salar de Pastos Grandes,Evaporitic,Announced,Climate change,lithium_optimized+elec-heat_heatpump_ei_cutoff_3.10_remind_SSP2-NDC_2035_NationalPlans 2026-05-29,2.10390964511561,0.6489540194947374,7.202437337336069,0.0,0.5721184284311516,10.527419430377568,10.52741983676916
Salar de Pastos Grandes,df_rotary_dryer_Salar de Pastos Grandes,Evaporitic,Announced,Water scarcity,lithium_optimized+elec-heat_heatpump_ei_cutoff_3.10_remind_SSP2-NDC_2035_NationalPlans 2026-05-29,0.08820818819240593,0.026464084406642042,0.619396939990835,9.308120828944297,0.1346905451531352,10.176880586687316,10.176880864422262
Pozuelos,df_rotary_dryer_Pozuelos,DLE,Announced,Climate change,lithium_optimized+elec-heat_heatpump_ei_cutoff_3.10_remind_SSP2-NDC_2035_NationalPlans 2026-05-29,1.1342803432665567,8.915909392912145,10.032233048207395,0.0,0.5807761157255964,20.663198900111695,20.663199391991114
Pozuelos,df_rotary_dryer_Pozuelos,DLE,Announced,Water scarcity,lithium_optimized+elec-heat_heatpump_ei_cutoff_3.10_remind_SSP2-NDC_2035_NationalPlans 2026-05-29,0.04749627986427433,0.37142895616731864,4.24217267573565,10.617105275387066,0.3379307258838173,15.616133913038126,15.61613401435135
Sal de Vida,df_rotary_dryer_Sal de Vida,Evaporitic,Announced,Climate change,lithium_optimized+elec-heat_heatpump_ei_cutoff_3.10_remind_SSP2-NDC_2035_NationalPlans 2026-05-29,0.9630041083807951,0.5850279514625246,1.356261123693608,0.0,0.024968972249922353,2.92926215578685,2.929262228403255
Sal de Vida,df_rotary_dryer_Sal de Vida,Evaporitic,Announced,Water scarcity,lithium_optimized+elec-heat_heatpump_ei_cutoff_3.10_remind_SSP2-NDC_2035_NationalPlans 2026-05-29,0.021057118537543232,0.01273293375262152,0.31129592354340024,0.08753345928222278,0.0010778352001575067,0.4336972703159453,0.4336972797695664
Salar de Arizaro,df_rotary_dryer_Salar de Arizaro,DLE,Announced,Climate change,lithium_optimized+elec-heat_heatpump_ei_cutoff_3.10_remind_SSP2-NDC_2035_NationalPlans 2026-05-29,1.9759714826442927,11.580098424744321,15.317199242848083,0.0,0.5800855143479752,29.45335466458467,29.453357159403467
Salar de Arizaro,df_rotary_dryer_Salar de Arizaro,DLE,Announced,Water scarcity,lithium_optimized+elec-heat_heatpump_ei_cutoff_3.10_remind_SSP2-NDC_2035_NationalPlans 2026-05-29,0.04320673751517684,0.25533285348621604,6.791702819923651,0.7064489964343316,0.3377606259664662,8.134452033325841,8.134452678301802
Salar de Tolillar,df_rotary_dryer_Salar de Tolillar,DLE,Announced,Climate change,lithium_optimized+elec-heat_heatpump_ei_cutoff_3.10_remind_SSP2-NDC_2035_NationalPlans 2026-05-29,2.4105722654922173,11.841540136417388,6.262495753966742,0.0,0.5803929630439182,21.095001118920266,21.09500159144212
Salar de Tolillar,df_rotary_dryer_Salar de Tolillar,DLE,Announced,Water scarcity,lithium_optimized+elec-heat_heatpump_ei_cutoff_3.10_remind_SSP2-NDC_2035_NationalPlans 2026-05-29,0.10106527746549097,0.4943250491630681,2.334807155365423,0.24585583598708619,0.3378363527163168,3.513889670697385,3.5138897591323133
Salar del Rincon,df_rotary_dryer_Salar del Rincon,DLE,Operating,Climate change,lithium_optimized+elec-heat_heatpump_ei_cutoff_3.10_remind_SSP2-NDC_2035_NationalPlans 2026-05-29,0.30115938931652386,1.9755764483927765,7.560894292801187,0.0,0.5799677654798835,10.41759789599037,10.417598166342634
Salar del Rincon,df_rotary_dryer_Salar del Rincon,DLE,Operating,Water scarcity,lithium_optimized+elec-heat_heatpump_ei_cutoff_3.10_remind_SSP2-NDC_2035_NationalPlans 2026-05-29,1.0953341697852819,6.598721387645208,3.249257952298913,0.8392173122368556,0.3377316236021796,12.120262445568438,12.12026271255074
Salar de Uyuni,df_rotary_dryer_Salar de Uyuni,DLE,Announced,Climate change,lithium_optimized+elec-heat_heatpump_ei_cutoff_3.10_remind_SSP2-NDC_2035_NationalPlans 2026-05-29,0.21177986941969304,0.7181677433223193,14.293253892678042,0.0,0.5792771973231654,15.802478702743219,15.802479506381447
Salar de Uyuni,df_rotary_dryer_Salar de Uyuni,DLE,Announced,Water scarcity,lithium_optimized+elec-heat_heatpump_ei_cutoff_3.10_remind_SSP2-NDC_2035_NationalPlans 2026-05-29,0.05012892670664312,0.14892115380811274,4.618444788887638,1.626993966707383,0.33756153186736776,6.782050367977145,6.782050727679157
Upper Rhine Graben,df_rotary_dryer_Upper Rhine Graben,Geothermal,Announced,Climate change,lithium_optimized+elec-heat_heatpump_ei_cutoff_3.10_remind_SSP2-NDC_2035_NationalPlans 2026-05-29,0.06317078099858535,0.05388449848496446,1.5474012410351248,0.0,0.6532896482334245,2.317746168752099,2.317746361439987
Upper Rhine Graben,df_rotary_dryer_Upper Rhine Graben,Geothermal,Announced,Water scarcity,lithium_optimized+elec-heat_heatpump_ei_cutoff_3.10_remind_SSP2-NDC_2035_NationalPlans 2026-05-29,0.12994451942984062,0.04397499109320013,0.39110525947233765,0.0,0.3805995288584516,0.94562429885383,0.9456243597985476
