scenario,project,2020,2021,2022,2023,2024,2025,2026,2027,2028,2029,2030,2031,2032,2033,2034,2035
S&P-Ambitious,#7,0.0,0.0,0.0,0.01820797144990077,0.0624164504206967,0.06770691088013325,0.06866228766197027,0.06538938395811439,0.06600047851373098,0.06168192874094011,0.056425045335482565,0.053143213642692956,0.04979367010498889,0.04796460086993779,0.050433633966302134,0.072279034601537
S&P-Ambitious,#14,0.07633466946330542,0.10095308803205882,0.1035695569798847,0.10879566407506541,0.097723519698042,0.08537821606585719,0.09442228876592104,0.10221875612163056,0.10414738475511454,0.09816080670038711,0.0925045335482571,0.09156369571044623,0.08579256212192647,0.08264114677851912,0.07817182886729629,0.07459119846274437
S&P-Ambitious,#15,0.0,0.0,0.0,0.0,0.0,0.013283261987920571,0.025747926642471747,0.03923428745554952,0.03770643995651224,0.03363035168809327,0.030077574047954865,0.02832818182033832,0.026542695549425406,0.0255677035927687,0.024184975979824927,0.02307719250358407
S&P-Ambitious,#1,0.05344896793853425,0.045843042367916136,0.040116365004501414,0.036239932509119166,0.0611361759849021,0.04939824738377816,0.04291436101949853,0.04086877564924705,0.03927727849933295,0.03503138166337601,0.0313305964134596,0.029508325050586044,0.02764845597781589,0.026632846159960328,0.025192514545388726,0.024038581154608444
S&P-Ambitious,#16,0.0,0.0,0.0,0.0,0.0,0.0,0.0,0.0,0.0,0.0,0.0,0.0,0.0,0.0,0.0,0.0
S&P-Ambitious,#21,0.0,0.0,0.0,0.0,0.0,0.0,0.0,0.0,0.0,0.0,0.0,0.0,0.008334877600933283,0.016057425636054702,0.0202520314686191,0.024155493744331007
S&P-Ambitious,#12,0.0,0.0,0.0,0.004206041404927078,0.0,0.0219969031534047,0.025356369105937877,0.030331254905004622,0.02915010609475093,0.038440319924842835,0.050246826516220026,0.059778109351241476,0.06159391198313687,0.05933138485394032,0.0561226827562306,0.05355200496636951
S&P-Ambitious,#17,0.0,0.0,0.0,0.0,0.0,0.0,0.0,0.0,0.0,0.0,0.010520350594398547,0.017678426981751073,0.01824226877590931,0.01757217612105586,0.016621854827869122,0.015860497192527738
S&P-Ambitious,#6,0.0,0.0,0.0,0.0,0.0,0.0,0.0,0.0,0.0,0.0,0.0,0.0,0.0,0.0,0.0,0.0
S&P-Ambitious,#9,0.0,0.0,0.0,0.0,0.0,0.0,0.0,0.0,0.012629857630719223,0.0211210549037598,0.02631724763248035,0.024786566055996908,0.0232243029472405,0.02237120539615141,0.021161347681560094,0.020192060330761173
S&P-Ambitious,#13,0.0,0.02670524936378802,0.026743123580709745,0.02868969368122698,0.023231697727451442,0.018771294295037533,0.016307422688948074,0.015530101892679836,0.014925334255102443,0.013311896870676344,0.011905601450735442,0.011213139797750732,0.01050639104522977,0.010120460130884077,0.009573135275216247,0.009134641514356215
S&P-Ambitious,#11,0.0,0.0,0.0,0.0,0.0,0.0,0.0,0.00818558258210531,0.012587231861215546,0.019646805271477365,0.017571277453153334,0.016549284916227622,0.01550620628877628,0.014936617326658084,0.021723341554814275,0.03280605916405083
S&P-Ambitious,#3,0.0,0.0,0.008398167183993764,0.0075866547707919875,0.006143351419359911,0.004963849771270766,0.00431230767107787,0.0041067542555214285,0.0039468305095997575,0.00422421098075196,0.011333870642756396,0.021349324768300523,0.02667160832298651,0.032114851272109404,0.030378047202928648,0.028986592493197207
S&P-Ambitious,#24,0.0,0.0,0.0,0.0,0.0,0.0,0.0,0.0,0.0,0.0,0.0,0.0,0.0,0.0,0.0,0.0
S&P-Ambitious,#18,0.6343319444365922,0.663717803648659,0.6903293425242875,0.6630736269672197,0.6108948651411497,0.5575018810508708,0.4809223508631515,0.4544008594615306,0.4552163798518091,0.42120874952372017,0.3876750453354826,0.3630025690354138,0.3384638209357123,0.32453984101542876,0.30527507195167053,0.2902350208763855
S&P-Ambitious,#4,0.06740200928318228,0.056402595834321015,0.04321024979508471,0.050687957854615426,0.05762463631359597,0.07313934806981198,0.0733092304083238,0.06981482234386428,0.06709611866319587,0.0598429888939861,0.05352105581301632,0.03295149670627362,0.0308746092678838,0.029740493268058114,0.028132096913058787,0.02684351708820016
S&P-Ambitious,#10,0.0,0.0,0.0,0.0,0.0,0.0,0.0,0.0,0.0,0.0,0.0,0.0,0.0,0.0,0.0,0.0
S&P-Ambitious,#2,0.1119465849535558,0.08401576106159069,0.07083686056355061,0.06733914774554968,0.06052184084296611,0.06786773961272242,0.05895959540204507,0.05614918688319118,0.06214205700754626,0.06194523789207366,0.08164290751561555,0.09337245794776058,0.08748732056744958,0.09542713956498829,0.11488471151360899,0.10962246171052296
S&P-Ambitious,#8,0.0,0.0,0.0,0.0,0.0,0.00395122441793153,0.005148895359266977,0.004903464581092585,0.007855771446307357,0.036328214434466856,0.03777956880918799,0.04412193785448775,0.058614193240803227,0.056461120021495545,0.05340764478746886,0.05096132826229001
S&P-Ambitious,#5,0.05653582392482996,0.022362459691666406,0.01679633436798753,0.015173309541583975,0.012286702838719823,0.006665457472862386,0.005863013509597472,0.0055457609466561366,0.005553979893108778,0.005152129326190473,0.004499546645174289,0.0054950789806409075,0.0058499727588417075,0.007013883517828693,0.007938796335698686,0.007575162838222203
S&P-Ambitious,#23,0.0,0.0,0.0,0.0,0.0,0.011516131469348177,0.030898546924807153,0.032694691979057194,0.031421507053025585,0.02802482371663542,0.025064225266975618,0.023606422825749183,0.028786444599596644,0.03415200333780354,0.04445624687833921,0.048217264172934
S&P-Ambitious,#22,0.0,0.0,0.0,0.0,0.005071950931823543,0.006850112684353658,0.01293692301323361,0.018973204660509002,0.021707567802798665,0.024218809622977903,0.03198670159177916,0.046256870331317805,0.061122435740177415,0.06369445502301699,0.06024979361914182,0.0574900751115078
S&P-Ambitious,#20,0.0,0.0,0.0,0.0,0.0,0.0,0.038251893965529145,0.03642855294817728,0.014003986140941475,0.02498029405577479,0.027926657263751764,0.026302368114546247,0.024644566090439537,0.02373929806034327,0.022455452492404857,0.021426889170971377
S&P-Ambitious,#19,0.0,0.0,0.0,0.0,0.002948808681292758,0.011009421684696858,0.015986586998219882,0.01522455937606904,0.01463169006518822,0.013049995789869722,0.011671368124118477,0.010992530108478293,0.010299686080726624,0.009921348052996999,0.009384791382558091,0.008954924640898391
S&P-Baseline,#7,0.0,0.0,0.0,0.018745782199005225,0.0642345217562831,0.06948727257055123,0.07363218314262142,0.07100729989506596,0.07141780294504907,0.06878607633894641,0.06457638233323004,0.06199531776647499,0.05938996251842018,0.05768384666262204,0.06091290473384848,0.08825987143762677
S&P-Baseline,#14,0.07633466946330542,0.10372303761637365,0.10641543819441328,0.11200917293608938,0.10057001815763253,0.08762324693647223,0.10125673780905133,0.11100086025399122,0.11269581023015696,0.10946636852981262,0.1058680252794212,0.10681552774749146,0.10232660171538453,0.09938703027513635,0.09441463543646084,0.09108325288230021
S&P-Baseline,#15,0.0,0.0,0.0,0.0,0.0,0.013632547023372075,0.027611606234485005,0.04260509347067667,0.04080138749317208,0.0375036900716659,0.034422673651896316,0.03304682786980513,0.03165803385238467,0.03074858263826418,0.029210211955652675,0.028179541339147636
S&P-Baseline,#1,0.05344896793853425,0.04710088319900008,0.04121868129213076,0.03731035517008673,0.06291695538482549,0.05069718047749983,0.04602057690813643,0.04438000839293941,0.04250116058627651,0.039066082117441635,0.035856711513378346,0.034423548424588925,0.03297689768101986,0.03202955901261826,0.030427100286580258,0.0293534922532513
S&P-Baseline,#16,0.0,0.0,0.0,0.0,0.0,0.0,0.0,0.0,0.0,0.0,0.0,0.0,0.0,0.0,0.0,0.0
S&P-Baseline,#21,0.0,0.0,0.0,0.0,0.0,0.0,0.0,0.0,0.0,0.0,0.0,0.0,0.0,0.0,0.0,0.0
S&P-Baseline,#12,0.0,0.0,0.0,0.0043302756879702075,0.0,0.022575314473210567,0.027191707084272095,0.03293715864662292,0.03154274907975225,0.04286764105495223,0.0575056388674704,0.06973539292573182,0.0734643603560137,0.07135392443848658,0.0677840432918725,0.0653923105035276
S&P-Baseline,#17,0.0,0.0,0.0,0.0,0.0,0.0,0.0,0.0,0.0,0.0,0.0,0.0,0.0,0.0,0.0,0.0
S&P-Baseline,#6,0.0,0.0,0.0,0.0,0.0,0.0,0.0,0.0,0.0,0.0,0.0,0.0,0.0,0.0,0.0,0.0
S&P-Baseline,#9,0.0,0.0,0.0,0.0,0.0,0.0,0.0,0.0,0.0,0.0,0.0,0.0,0.0,0.0,0.0,0.0
S&P-Baseline,#13,0.0,0.0,0.0,0.0,0.0,0.0,0.0,0.0,0.0,0.0,0.0,0.0,0.0,0.0,0.0,0.0
S&P-Baseline,#11,0.0,0.0,0.0,0.0,0.0,0.0,0.0,0.0,0.0,0.0,0.0,0.0,0.0,0.0,0.0,0.0
S&P-Baseline,#3,0.0,0.0,0.008628931772762258,0.007810742582918843,0.006322295448453061,0.00509437482188792,0.004624439980318384,0.00445958523181593,0.004270786666091534,0.004710729786258487,0.012971196737023398,0.024905497473475646,0.031811790841451686,0.0386224032468567,0.0366901004299774,0.03539550494784915
S&P-Baseline,#24,0.0,0.0,0.0,0.0,0.0,0.0,0.0,0.0,0.0,0.0,0.0,0.0,0.0,0.0,0.0,0.0
S&P-Baseline,#18,0.6343319444365922,0.6819288845591818,0.7092981917210577,0.6826589017471069,0.6286890593941724,0.5721614627458049,0.5157323448130431,0.49344061906178355,0.4925805758643325,0.4697209991771925,0.44367978438988537,0.4234681735415064,0.40369295126930704,0.39030255825143506,0.36870615724092887,0.3544057522414941
S&P-Baseline,#4,0.06740200928318228,0.05795016956317952,0.04439757975721637,0.05218513334499737,0.05930313130648971,0.07506255637562537,0.07861547966541252,0.0758129489408708,0.07260337332355608,0.06673533863866189,0.06125287348038827,0.03844025171156113,0.03682479888155045,0.03576692023347243,0.033977479004854406,0.03277859728203817
S&P-Baseline,#10,0.0,0.0,0.0,0.0,0.0,0.0,0.0,0.0,0.0,0.0,0.0,0.0,0.0,0.0,0.0,0.0
S&P-Baseline,#2,0.1119465849535558,0.08632098447738698,0.0727833137168951,0.06932815116598766,0.06228472583998018,0.0696523303147804,0.06322719318690506,0.06097323312348012,0.06724268190027799,0.06907971182895654,0.09343729507310711,0.10892557683899427,0.10434797592510178,0.11476389642115156,0.1387558448094362,0.13385990046194082
S&P-Baseline,#8,0.0,0.0,0.0,0.0,0.0,0.004055122358222784,0.00552158133650015,0.00532474476678822,0.00850057378018859,0.040512276161822985,0.04323732245674466,0.05147136144518301,0.06991038684794527,0.06790204714829877,0.06450486556594327,0.06222883724881359
S&P-Baseline,#5,0.05653582392482996,0.02297604058487809,0.017257863545524516,0.015621485165837687,0.012644590896906121,0.0068407265108311,0.0062873885972408745,0.006022223897044232,0.006009850996524006,0.005745520095973267,0.005149565104598289,0.006410398321922926,0.006977386124558404,0.008435132869113503,0.009588346245700761,0.00925002529303791
S&P-Baseline,#23,0.0,0.0,0.0,0.0,0.0,0.011818949586779974,0.03313503734697728,0.03550364994753298,0.03400058680608792,0.031252551645300886,0.028685080961886298,0.02753856201192143,0.03433420075692179,0.04107235102614897,0.05369351597257659,0.0588780627804172
S&P-Baseline,#22,0.0,0.0,0.0,0.0,0.0,0.0,0.0,0.0,0.0,0.0,0.0,0.0,0.0,0.0,0.0,0.0
S&P-Baseline,#20,0.0,0.0,0.0,0.0,0.0,0.0,0.0,0.0,0.0,0.0,0.0,0.0,0.0,0.0,0.0,0.0
S&P-Baseline,#19,0.0,0.0,0.0,0.0,0.0030347018152574695,0.011298915804961658,0.017143723895036312,0.016532574371388015,0.015832660328534535,0.014553014553014552,0.013357450150970318,0.012823563921342906,0.012284653229940594,0.011931747776395597,0.011334795026167686,0.01093485132855553
S&P-Very Ambitious,#7,0.0,0.0,0.0,0.01820797144990077,0.0624164504206967,0.06770691088013325,0.06866228766197027,0.06381915288034709,0.06262155057016752,0.05691368934942532,0.05137242312366713,0.04837522052043903,0.04535326652888745,0.04383088337973029,0.04630293953383298,0.06631377507205394
S&P-Very Ambitious,#14,0.07633466946330542,0.10095308803205882,0.1035695569798847,0.10879566407506541,0.097723519698042,0.08537821606585719,0.09442228876592104,0.0997641211659669,0.09881550661539924,0.09057261620820177,0.08422114701093812,0.08334862850862323,0.07814191900110659,0.07551891188751057,0.07176927737767282,0.0684351137848233
S&P-Very Ambitious,#15,0.0,0.0,0.0,0.0,0.0,0.013283261987920571,0.025747926642471747,0.038292133030051,0.03577603965502275,0.031030602118926047,0.027384255543580455,0.02578658587935022,0.024175722398249073,0.02336421056647499,0.02220414022057718,0.02117260920007668
S&P-Very Ambitious,#1,0.05344896793853425,0.045843042367916136,0.040116365004501414,0.036239932509119166,0.0611361759849021,0.04939824738377816,0.04291436101949853,0.039887371363868655,0.037266458322613924,0.03232332733699385,0.02852507509917678,0.026860847014417776,0.025182875462486966,0.024337556300591662,0.02312915778545217,0.02205465350396532
S&P-Very Ambitious,#16,0.0,0.0,0.0,0.0,0.0,0.0,0.0,0.0,0.0,0.0,0.017886216148042835,0.016842687142767685,0.015790540504634295,0.015260495931879493,0.014502787951808909,0.013829036322274167
S&P-Very Ambitious,#21,0.0,0.0,0.0,0.0,0.0,0.0,0.0,0.0,0.0,0.0,0.0,0.0,0.0075916060118434115,0.014673553780653359,0.0185933178869345,0.02216191718313168
S&P-Very Ambitious,#12,0.0,0.0,0.0,0.004206041404927078,0.0,0.0219969031534047,0.025356369105937877,0.02960289387456537,0.02765775164127675,0.035468742164071386,0.0457474374555711,0.05441483538432638,0.05610120926692162,0.05421804754182513,0.05152603494474647,0.04913230553748744
S&P-Very Ambitious,#17,0.0,0.0,0.0,0.0,0.0,0.0,0.0,0.0,0.0,0.0,0.009578298057740374,0.01609232383736874,0.016615495024587944,0.016057759020628327,0.015260465655701489,0.01455151482244426
S&P-Very Ambitious,#6,0.0,0.0,0.0,0.0,0.0,0.0,0.0,0.0,0.007489541043171736,0.015590655896295116,0.017198284757733495,0.021593188644573956,0.02530535337281137,0.0244559229677556,0.023241647358668124,0.026594300619758014
S&P-Very Ambitious,#9,0.0,0.0,0.0,0.0,0.0,0.0,0.0,0.0,0.011983265669074778,0.019488319870368895,0.023960650324474305,0.022562722814715327,0.02115325099140048,0.02044319512720626,0.019428157860057856,0.018525589811723434
S&P-Very Ambitious,#13,0.0,0.02670524936378802,0.026743123580709745,0.02868969368122698,0.023231697727451442,0.018771294295037533,0.016307422688948074,0.015157169053177951,0.01416122420442912,0.01228283840363117,0.010839505606640832,0.010207100272290109,0.00956947243146235,0.009248251829486458,0.008789061365153937,0.008380750601973077
S&P-Very Ambitious,#11,0.0,0.0,0.0,0.0,0.0,0.0,0.0,0.007989017705943064,0.01194282214744165,0.018128035143417143,0.015997844481643698,0.01506448805788702,0.014123423824433481,0.013649339726763755,0.01994412243142029,0.0300985429647548
S&P-Very Ambitious,#3,0.0,0.0,0.008398167183993764,0.0075866547707919875,0.006143351419359911,0.004963849771270766,0.00431230767107787,0.004008136517129773,0.003744770521585868,0.003897663974073779,0.010318970854640099,0.01943386978011656,0.024293139237898914,0.029347107561306717,0.027889976830401748,0.026594300619758014
S&P-Very Ambitious,#24,0.0,0.0,0.0,0.0,0.0,0.0,0.0,0.011989137950038578,0.021237342582017777,0.03248053311728149,0.028663807929555828,0.026991485805717447,0.02530535337281137,0.0244559229677556,0.023241647358668124,0.02216191718313168
S&P-Very Ambitious,#18,0.6343319444365922,0.663717803648659,0.6903293425242875,0.6630736269672197,0.6108948651411497,0.5575018810508708,0.4809223508631515,0.4434890828381614,0.4319113466022536,0.3886477678468187,0.3529603980829646,0.33043408787132184,0.3082809491430722,0.29657013017154116,0.2802719551640732,0.2662816402921384
S&P-Very Ambitious,#4,0.06740200928318228,0.056402595834321015,0.04321024979508471,0.050687957854615426,0.05762463631359597,0.07313934806981198,0.0733092304083238,0.06813832079120614,0.06366109886695975,0.05521690629937853,0.04872847348024491,0.02999509834617768,0.02812133309613782,0.027177378075607442,0.025827977876740713,0.02462809532727057
S&P-Very Ambitious,#10,0.0,0.0,0.0,0.0,0.0,0.0,0.0,0.01202440955138932,0.022468623129515208,0.02923247980555334,0.025797427136600246,0.0242923372251457,0.022774818035530234,0.02201033067098004,0.02091748262280131,0.01994572546481851
S&P-Very Ambitious,#2,0.1119465849535558,0.08401576106159069,0.07083686056355061,0.06733914774554968,0.06052184084296611,0.06786773961272242,0.05895959540204507,0.05480084571680511,0.05896066290826518,0.05715664373714259,0.07433213327524135,0.08499510914277202,0.07968554555684809,0.0872029736445855,0.10547524404310768,0.10057521256048818
S&P-Very Ambitious,#8,0.0,0.0,0.0,0.0,0.0,0.00395122441793153,0.005148895359266977,0.004785715001452949,0.007453591246164512,0.0335199101770345,0.03439656951546699,0.04016333087890756,0.05338721011768761,0.051595149803533344,0.049033368265529315,0.04675543991959657
S&P-Very Ambitious,#5,0.05653582392482996,0.022362459691666406,0.01679633436798753,0.015173309541583975,0.012286702838719823,0.006665457472862386,0.005863013509597472,0.005412587552732046,0.005269641077975633,0.004753850827045319,0.004096631429292119,0.005002062149515557,0.0053282952061791625,0.006409408291389387,0.007288580611678323,0.0069499772286300944
S&P-Very Ambitious,#23,0.0,0.0,0.0,0.0,0.0,0.011516131469348177,0.030898546924807153,0.031909576440173545,0.029812867076449413,0.02585840202533014,0.022819830768877985,0.021488461679647772,0.026219382736637317,0.031208692417612274,0.04081512175950426,0.04423784612759281
S&P-Very Ambitious,#22,0.0,0.0,0.0,0.0,0.005071950931823543,0.006850112684353658,0.01293692301323361,0.018517590709139553,0.020596237868722275,0.022346606784689665,0.02912242885642872,0.04210671785691922,0.05567177742018502,0.05820509666325833,0.05531512071363013,0.052745362895853395
S&P-Very Ambitious,#20,0.0,0.0,0.0,0.0,0.0,0.0,0.038251893965529145,0.035553774161547945,0.013287044973870114,0.0230492256770827,0.025425944185833202,0.023942527569103606,0.0224468606558186,0.021693381909317928,0.020616270873032975,0.019658507018125125
S&P-Very Ambitious,#19,0.0,0.0,0.0,0.0,0.002948808681292758,0.011009421684696858,0.015986586998219882,0.014858963696303497,0.013882613277623131,0.012041183237238596,0.010626246875644937,0.010006283617895573,0.009381200602368632,0.009066299762606356,0.008616143508805447,0.008215865938130576
